"../../../Engine/Content/EditorResources/S_Actor.ubulk" 0
"../../../Engine/Content/EditorResources/S_Actor.uasset" 1
"../../../Engine/Content/EditorResources/S_Actor.uexp" 2
"../../../Engine/Content/EditorResources/S_BoxReflectionCapture.uasset" 3
"../../../Engine/Content/EditorResources/S_BoxReflectionCapture.uexp" 4
"../../../Engine/Content/EngineResources/DefaultTexture.ubulk" 5
"../../../Engine/Content/EngineResources/DefaultTexture.uasset" 6
"../../../Engine/Content/EngineResources/DefaultTexture.uexp" 7
"../../../Engine/Content/EngineResources/DefaultTextureCube.uasset" 8
"../../../Engine/Content/EngineResources/DefaultTextureCube.uexp" 9
"../../../Engine/Content/EngineResources/DefaultVolumeTexture2D.uasset" 10
"../../../Engine/Content/EngineResources/DefaultVolumeTexture2D.uexp" 11
"../../../Engine/Content/EngineResources/DefaultVolumeTexture.uasset" 12
"../../../Engine/Content/EngineResources/DefaultVolumeTexture.uexp" 13
"../../../Engine/Content/EditorResources/S_Trigger.ubulk" 14
"../../../Engine/Content/EditorResources/S_Trigger.uasset" 15
"../../../Engine/Content/EditorResources/S_Trigger.uexp" 16
"../../../Engine/Content/EditorResources/S_TriggerBox.uasset" 17
"../../../Engine/Content/EditorResources/S_TriggerBox.uexp" 18
"../../../Engine/Content/EditorResources/S_TriggerCapsule.uasset" 19
"../../../Engine/Content/EditorResources/S_TriggerCapsule.uexp" 20
"../../../Engine/Content/EditorResources/S_TriggerSphere.uasset" 21
"../../../Engine/Content/EditorResources/S_TriggerSphere.uexp" 22
"../../../Engine/Content/EngineMeshes/Sphere.ubulk" 23
"../../../Engine/Content/EngineMeshes/Sphere.uasset" 24
"../../../Engine/Content/EngineMeshes/Sphere.uexp" 25
"../../../Engine/Content/EngineResources/GradientTexture0.uasset" 26
"../../../Engine/Content/EngineResources/GradientTexture0.uexp" 27
"../../../Engine/Content/EngineResources/Black.uasset" 28
"../../../Engine/Content/EngineResources/Black.uexp" 29
"../../../Engine/Content/VREditor/LaserPointer/VR_LaserPower_01.ubulk" 30
"../../../Engine/Content/VREditor/LaserPointer/VR_LaserPower_01.uasset" 31
"../../../Engine/Content/VREditor/LaserPointer/VR_LaserPower_01.uexp" 32
"../../../Engine/Content/VREditor/TransformGizmo/TransformGizmoMaterial.uasset" 33
"../../../Engine/Content/VREditor/TransformGizmo/TransformGizmoMaterial.uexp" 34
"../../../Engine/Content/VREditor/TransformGizmo/TranslucentTransformGizmoMaterial.uasset" 35
"../../../Engine/Content/VREditor/TransformGizmo/TranslucentTransformGizmoMaterial.uexp" 36
"../../../Engine/Content/VREditor/TransformGizmo/BoundingBoxCorner.ubulk" 37
"../../../Engine/Content/VREditor/TransformGizmo/BoundingBoxCorner.uasset" 38
"../../../Engine/Content/VREditor/TransformGizmo/BoundingBoxCorner.uexp" 39
"../../../Engine/Content/VREditor/TransformGizmo/BoundingBoxEdge.ubulk" 40
"../../../Engine/Content/VREditor/TransformGizmo/BoundingBoxEdge.uasset" 41
"../../../Engine/Content/VREditor/TransformGizmo/BoundingBoxEdge.uexp" 42
"../../../Engine/Content/VREditor/TransformGizmo/Main.uasset" 43
"../../../Engine/Content/VREditor/TransformGizmo/Main.uexp" 44
"../../../Engine/Content/VREditor/TransformGizmo/Xray.uasset" 45
"../../../Engine/Content/VREditor/TransformGizmo/Xray.uexp" 46
"../../../Engine/Content/VREditor/TransformGizmo/SM_Sequencer_Node.ubulk" 47
"../../../Engine/Content/VREditor/TransformGizmo/SM_Sequencer_Node.uasset" 48
"../../../Engine/Content/VREditor/TransformGizmo/SM_Sequencer_Node.uexp" 49
"../../../Engine/Content/EditorResources/S_Solver.ubulk" 50
"../../../Engine/Content/EditorResources/S_Solver.uasset" 51
"../../../Engine/Content/EditorResources/S_Solver.uexp" 52
"../../../Engine/Content/EditorMaterials/Camera/CineMat.uasset" 53
"../../../Engine/Content/EditorMaterials/Camera/CineMat.uexp" 54
"../../../Engine/Content/EditorMaterials/Camera/MI_CineMat_Rig.uasset" 55
"../../../Engine/Content/EditorMaterials/Camera/MI_CineMat_Rig.uexp" 56
"../../../Engine/Content/EditorMeshes/Camera/SM_CraneRig_Base.ubulk" 57
"../../../Engine/Content/EditorMeshes/Camera/SM_CraneRig_Base.uasset" 58
"../../../Engine/Content/EditorMeshes/Camera/SM_CraneRig_Base.uexp" 59
"../../../Engine/Content/EditorMeshes/Camera/SM_CraneRig_Arm.ubulk" 60
"../../../Engine/Content/EditorMeshes/Camera/SM_CraneRig_Arm.uasset" 61
"../../../Engine/Content/EditorMeshes/Camera/SM_CraneRig_Arm.uexp" 62
"../../../Engine/Content/EditorMeshes/Camera/SM_CraneRig_Mount.ubulk" 63
"../../../Engine/Content/EditorMeshes/Camera/SM_CraneRig_Mount.uasset" 64
"../../../Engine/Content/EditorMeshes/Camera/SM_CraneRig_Mount.uexp" 65
"../../../Engine/Content/EditorMeshes/Camera/SM_CraneRig_Body.ubulk" 66
"../../../Engine/Content/EditorMeshes/Camera/SM_CraneRig_Body.uasset" 67
"../../../Engine/Content/EditorMeshes/Camera/SM_CraneRig_Body.uexp" 68
"../../../Engine/Content/EditorMeshes/Camera/SM_RailRig_Track.ubulk" 69
"../../../Engine/Content/EditorMeshes/Camera/SM_RailRig_Track.uasset" 70
"../../../Engine/Content/EditorMeshes/Camera/SM_RailRig_Track.uexp" 71
"../../../Engine/Content/EditorMeshes/Camera/SM_RailRig_Mount.ubulk" 72
"../../../Engine/Content/EditorMeshes/Camera/SM_RailRig_Mount.uasset" 73
"../../../Engine/Content/EditorMeshes/Camera/SM_RailRig_Mount.uexp" 74
"../../../Engine/Content/EngineMaterials/T_Default_Material_Grid_M.ubulk" 75
"../../../Engine/Content/EngineMaterials/T_Default_Material_Grid_M.uasset" 76
"../../../Engine/Content/EngineMaterials/T_Default_Material_Grid_M.uexp" 77
"../../../Engine/Content/EngineMaterials/T_Default_Material_Grid_N.ubulk" 78
"../../../Engine/Content/EngineMaterials/T_Default_Material_Grid_N.uasset" 79
"../../../Engine/Content/EngineMaterials/T_Default_Material_Grid_N.uexp" 80
"../../../Engine/Content/Functions/Engine_MaterialFunctions01/Opacity/CameraDepthFade.uasset" 81
"../../../Engine/Content/Functions/Engine_MaterialFunctions01/Opacity/CameraDepthFade.uexp" 82
"../../../Engine/Content/EngineMaterials/WorldGridMaterial.uasset" 83
"../../../Engine/Content/EngineMaterials/WorldGridMaterial.uexp" 84
"../../../Engine/Content/ArtTools/RenderToTexture/Meshes/S_1_Unit_Plane.ubulk" 85
"../../../Engine/Content/ArtTools/RenderToTexture/Meshes/S_1_Unit_Plane.uasset" 86
"../../../Engine/Content/ArtTools/RenderToTexture/Meshes/S_1_Unit_Plane.uexp" 87
"../../../Engine/Content/EditorMaterials/ParticleSystems/PSysThumbnail_NoImage.ubulk" 88
"../../../Engine/Content/EditorMaterials/ParticleSystems/PSysThumbnail_NoImage.uasset" 89
"../../../Engine/Content/EditorMaterials/ParticleSystems/PSysThumbnail_NoImage.uexp" 90
"../../../Engine/Content/EditorMaterials/ParticleSystems/PSysThumbnail_OOD.ubulk" 91
"../../../Engine/Content/EditorMaterials/ParticleSystems/PSysThumbnail_OOD.uasset" 92
"../../../Engine/Content/EditorMaterials/ParticleSystems/PSysThumbnail_OOD.uexp" 93
"../../../Engine/Content/EditorLandscapeResources/SplineEditorMeshMat.uasset" 94
"../../../Engine/Content/EditorLandscapeResources/SplineEditorMeshMat.uexp" 95
"../../../Engine/Content/EditorLandscapeResources/SplineEditorMesh.ubulk" 96
"../../../Engine/Content/EditorLandscapeResources/SplineEditorMesh.uasset" 97
"../../../Engine/Content/EditorLandscapeResources/SplineEditorMesh.uexp" 98
"../../../Engine/Plugins/Media/MediaPlate/Content/SM_MediaPlateScreen.ubulk" 99
"../../../Engine/Plugins/Media/MediaPlate/Content/SM_MediaPlateScreen.uasset" 100
"../../../Engine/Plugins/Media/MediaPlate/Content/SM_MediaPlateScreen.uexp" 101
"../../../Engine/Content/EngineMaterials/DefaultBokeh.uasset" 102
"../../../Engine/Content/EngineMaterials/DefaultBokeh.uexp" 103
"../../../Engine/Content/EngineMaterials/MiniFont.uasset" 104
"../../../Engine/Content/EngineMaterials/MiniFont.uexp" 105
"../../../Engine/Content/EngineMaterials/WeightMapPlaceholderTexture.uasset" 106
"../../../Engine/Content/EngineMaterials/WeightMapPlaceholderTexture.uexp" 107
"../../../Engine/Content/EngineMaterials/WeightMapArrayPlaceholderTexture.uasset" 108
"../../../Engine/Content/EngineMaterials/WeightMapArrayPlaceholderTexture.uexp" 109
"../../../Engine/Content/EngineMaterials/DefaultWhiteGrid.ubulk" 110
"../../../Engine/Content/EngineMaterials/DefaultWhiteGrid.uasset" 111
"../../../Engine/Content/EngineMaterials/DefaultWhiteGrid.uexp" 112
"../../../Engine/Content/EngineMaterials/PreintegratedSkinBRDF.uasset" 113
"../../../Engine/Content/EngineMaterials/PreintegratedSkinBRDF.uexp" 114
"C:/Users/Dylan/Documents/Unreal Projects/MigratedTetris/SUPER DUPER TETRIS/Content/Levels/MainLevel_HLOD0_Instancing.uasset" 115
"C:/Users/Dylan/Documents/Unreal Projects/MigratedTetris/SUPER DUPER TETRIS/Content/Levels/MainLevel_HLOD0_Instancing.uexp" 116
"C:/Users/Dylan/Documents/Unreal Projects/MigratedTetris/SUPER DUPER TETRIS/Content/Levels/MainLevel_BuiltData.ubulk" 117
"C:/Users/Dylan/Documents/Unreal Projects/MigratedTetris/SUPER DUPER TETRIS/Content/Levels/MainLevel_BuiltData.uasset" 118
"C:/Users/Dylan/Documents/Unreal Projects/MigratedTetris/SUPER DUPER TETRIS/Content/Levels/MainLevel_BuiltData.uexp" 119
"../../../Engine/Plugins/Runtime/MeshModelingToolset/Content/Materials/M_DynamicMeshComponentVtxColor.uasset" 120
"../../../Engine/Plugins/Runtime/MeshModelingToolset/Content/Materials/M_DynamicMeshComponentVtxColor.uexp" 121
"../../../Engine/Plugins/Interchange/Runtime/Content/Pipelines/DefaultTexturePipeline.uasset" 122
"../../../Engine/Plugins/Interchange/Runtime/Content/Pipelines/DefaultTexturePipeline.uexp" 123
"../../../Engine/Plugins/Interchange/Runtime/Content/Pipelines/DefaultSceneLevelPipeline.uasset" 124
"../../../Engine/Plugins/Interchange/Runtime/Content/Pipelines/DefaultSceneLevelPipeline.uexp" 125
"../../../Engine/Plugins/Interchange/Runtime/Content/Pipelines/DefaultSceneAssetsPipeline.uasset" 126
"../../../Engine/Plugins/Interchange/Runtime/Content/Pipelines/DefaultSceneAssetsPipeline.uexp" 127
"../../../Engine/Plugins/Interchange/Runtime/Content/Pipelines/DefaultMaterialXPipeline.uasset" 128
"../../../Engine/Plugins/Interchange/Runtime/Content/Pipelines/DefaultMaterialXPipeline.uexp" 129
"../../../Engine/Plugins/Interchange/Runtime/Content/Pipelines/DefaultMaterialPipeline.uasset" 130
"../../../Engine/Plugins/Interchange/Runtime/Content/Pipelines/DefaultMaterialPipeline.uexp" 131
"../../../Engine/Plugins/Interchange/Runtime/Content/Pipelines/DefaultGLTFSceneAssetsPipeline.uasset" 132
"../../../Engine/Plugins/Interchange/Runtime/Content/Pipelines/DefaultGLTFSceneAssetsPipeline.uexp" 133
"../../../Engine/Plugins/Interchange/Runtime/Content/Pipelines/DefaultGLTFPipeline.uasset" 134
"../../../Engine/Plugins/Interchange/Runtime/Content/Pipelines/DefaultGLTFPipeline.uexp" 135
"../../../Engine/Plugins/Interchange/Runtime/Content/Pipelines/DefaultGLTFAssetsPipeline.uasset" 136
"../../../Engine/Plugins/Interchange/Runtime/Content/Pipelines/DefaultGLTFAssetsPipeline.uexp" 137
"../../../Engine/Plugins/Interchange/Runtime/Content/Pipelines/DefaultAssetsPipeline.uasset" 138
"../../../Engine/Plugins/Interchange/Runtime/Content/Pipelines/DefaultAssetsPipeline.uexp" 139
"../../../Engine/Plugins/Interchange/Runtime/Content/Functions/MX_UsdPreviewSurface.uasset" 140
"../../../Engine/Plugins/Interchange/Runtime/Content/Functions/MX_UsdPreviewSurface.uexp" 141
"../../../Engine/Plugins/Interchange/Runtime/Content/Functions/MX_UniformEDF.uasset" 142
"../../../Engine/Plugins/Interchange/Runtime/Content/Functions/MX_UniformEDF.uexp" 143
"../../../Engine/Plugins/Interchange/Runtime/Content/Functions/MX_TranslucentBSDF.uasset" 144
"../../../Engine/Plugins/Interchange/Runtime/Content/Functions/MX_TranslucentBSDF.uexp" 145
"../../../Engine/Plugins/Interchange/Runtime/Content/Functions/MX_ThinFilmBSDF.uasset" 146
"../../../Engine/Plugins/Interchange/Runtime/Content/Functions/MX_ThinFilmBSDF.uexp" 147
"../../../Engine/Plugins/Interchange/Runtime/Content/Functions/MX_SurfaceUnlit.uasset" 148
"../../../Engine/Plugins/Interchange/Runtime/Content/Functions/MX_SurfaceUnlit.uexp" 149
"../../../Engine/Plugins/Interchange/Runtime/Content/Functions/MX_Surface.uasset" 150
"../../../Engine/Plugins/Interchange/Runtime/Content/Functions/MX_Surface.uexp" 151
"../../../Engine/Plugins/Interchange/Runtime/Content/Functions/MX_SubsurfaceBSDF.uasset" 152
"../../../Engine/Plugins/Interchange/Runtime/Content/Functions/MX_SubsurfaceBSDF.uexp" 153
"../../../Engine/Plugins/Interchange/Runtime/Content/Functions/MX_SheenBSDF.uasset" 154
"../../../Engine/Plugins/Interchange/Runtime/Content/Functions/MX_SheenBSDF.uexp" 155
"../../../Engine/Plugins/Interchange/Runtime/Content/Functions/MX_OrenNayarBSDF.uasset" 156
"../../../Engine/Plugins/Interchange/Runtime/Content/Functions/MX_OrenNayarBSDF.uexp" 157
"../../../Engine/Content/Functions/Engine_MaterialFunctions02/Utility/CameraDirectionVector.uasset" 158
"../../../Engine/Content/Functions/Engine_MaterialFunctions02/Utility/CameraDirectionVector.uexp" 159
"../../../Engine/Content/Functions/Engine_MaterialFunctions01/Volumetrics/BeersLaw.uasset" 160
"../../../Engine/Content/Functions/Engine_MaterialFunctions01/Volumetrics/BeersLaw.uexp" 161
"../../../Engine/Content/EngineMaterials/Good64x64TilingNoiseHighFreq.uasset" 162
"../../../Engine/Content/EngineMaterials/Good64x64TilingNoiseHighFreq.uexp" 163
"../../../Engine/Content/Functions/Engine_MaterialFunctions02/Texturing/ScreenAlignedPixelToPixelUVs.uasset" 164
"../../../Engine/Content/Functions/Engine_MaterialFunctions02/Texturing/ScreenAlignedPixelToPixelUVs.uexp" 165
"../../../Engine/Plugins/Interchange/Runtime/Content/gltf/MaterialFunctions/MF_Temporal_Blur.uasset" 166
"../../../Engine/Plugins/Interchange/Runtime/Content/gltf/MaterialFunctions/MF_Temporal_Blur.uexp" 167
"../../../Engine/Plugins/Interchange/Runtime/Content/gltf/MaterialFunctions/MF_Fresnel_DS.uasset" 168
"../../../Engine/Plugins/Interchange/Runtime/Content/gltf/MaterialFunctions/MF_Fresnel_DS.uexp" 169
"../../../Engine/Content/Functions/Engine_MaterialFunctions02/Utility/BreakOutFloat3Components.uasset" 170
"../../../Engine/Content/Functions/Engine_MaterialFunctions02/Utility/BreakOutFloat3Components.uexp" 171
"../../../Engine/Plugins/Interchange/Runtime/Content/Functions/MX_Transmission.uasset" 172
"../../../Engine/Plugins/Interchange/Runtime/Content/Functions/MX_Transmission.uexp" 173
"../../../Engine/Plugins/Interchange/Runtime/Content/Functions/MF_OrenNayerView.uasset" 174
"../../../Engine/Plugins/Interchange/Runtime/Content/Functions/MF_OrenNayerView.uexp" 175
"../../../Engine/Plugins/Interchange/Runtime/Content/Functions/MF_SchlickApprox.uasset" 176
"../../../Engine/Plugins/Interchange/Runtime/Content/Functions/MF_SchlickApprox.uexp" 177
"../../../Engine/Plugins/Interchange/Runtime/Content/Utilities/New_LUT.uasset" 178
"../../../Engine/Plugins/Interchange/Runtime/Content/Utilities/New_LUT.uexp" 179
"../../../Engine/Content/Functions/Engine_MaterialFunctions03/Math/RemapValueRange.uasset" 180
"../../../Engine/Content/Functions/Engine_MaterialFunctions03/Math/RemapValueRange.uexp" 181
"../../../Engine/Plugins/Interchange/Runtime/Content/Functions/MF_Iridescence.uasset" 182
"../../../Engine/Plugins/Interchange/Runtime/Content/Functions/MF_Iridescence.uexp" 183
"../../../Engine/Plugins/Interchange/Runtime/Content/Functions/MX_StandardSurface.uasset" 184
"../../../Engine/Plugins/Interchange/Runtime/Content/Functions/MX_StandardSurface.uexp" 185
"../../../Engine/Plugins/Interchange/Runtime/Content/Functions/MX_TransmissionSurface.uasset" 186
"../../../Engine/Plugins/Interchange/Runtime/Content/Functions/MX_TransmissionSurface.uexp" 187
"../../../Engine/Plugins/Interchange/Runtime/Content/Functions/MX_OpenPBR_Translucent.uasset" 188
"../../../Engine/Plugins/Interchange/Runtime/Content/Functions/MX_OpenPBR_Translucent.uexp" 189
"../../../Engine/Plugins/Interchange/Runtime/Content/Functions/MX_OpenPBR_Opaque.uasset" 190
"../../../Engine/Plugins/Interchange/Runtime/Content/Functions/MX_OpenPBR_Opaque.uexp" 191
"../../../Engine/Plugins/Interchange/Runtime/Content/Functions/MX_MeasuredEDF.uasset" 192
"../../../Engine/Plugins/Interchange/Runtime/Content/Functions/MX_MeasuredEDF.uexp" 193
"../../../Engine/Plugins/Interchange/Runtime/Content/Functions/MX_GeneralizedSchlickBSDF.uasset" 194
"../../../Engine/Plugins/Interchange/Runtime/Content/Functions/MX_GeneralizedSchlickBSDF.uexp" 195
"../../../Engine/Plugins/Interchange/Runtime/Content/Functions/MX_DielectricBSDF.uasset" 196
"../../../Engine/Plugins/Interchange/Runtime/Content/Functions/MX_DielectricBSDF.uexp" 197
"../../../Engine/Plugins/Interchange/Runtime/Content/Functions/MX_ConicalEDF.uasset" 198
"../../../Engine/Plugins/Interchange/Runtime/Content/Functions/MX_ConicalEDF.uexp" 199
"../../../Engine/Plugins/Interchange/Runtime/Content/Functions/MX_ConductorBSDF.uasset" 200
"../../../Engine/Plugins/Interchange/Runtime/Content/Functions/MX_ConductorBSDF.uexp" 201
"../../../Engine/Plugins/Interchange/Runtime/Content/Functions/MX_BurleyDiffuseBSDF.uasset" 202
"../../../Engine/Plugins/Interchange/Runtime/Content/Functions/MX_BurleyDiffuseBSDF.uexp" 203
"../../../Engine/Plugins/Interchange/Runtime/Content/Functions/MX_AnisotropicVDF.uasset" 204
"../../../Engine/Plugins/Interchange/Runtime/Content/Functions/MX_AnisotropicVDF.uexp" 205
"../../../Engine/Plugins/Interchange/Runtime/Content/Functions/MX_AbsorptionVDF.uasset" 206
"../../../Engine/Plugins/Interchange/Runtime/Content/Functions/MX_AbsorptionVDF.uexp" 207
"../../../Engine/Plugins/Editor/SpeedTreeImporter/Content/SpeedTree9/game_wind_noise.ubulk" 208
"../../../Engine/Plugins/Editor/SpeedTreeImporter/Content/SpeedTree9/game_wind_noise.uasset" 209
"../../../Engine/Plugins/Editor/SpeedTreeImporter/Content/SpeedTree9/game_wind_noise.uexp" 210
"../../../Engine/Plugins/Editor/SpeedTreeImporter/Content/SpeedTree9/UnpackDirection.uasset" 211
"../../../Engine/Plugins/Editor/SpeedTreeImporter/Content/SpeedTree9/UnpackDirection.uexp" 212
"../../../Engine/Content/Functions/Engine_MaterialFunctions02/ObjectLocalBounds.uasset" 213
"../../../Engine/Content/Functions/Engine_MaterialFunctions02/ObjectLocalBounds.uexp" 214
"../../../Engine/Content/Functions/Engine_MaterialFunctions02/UVs/BoundingBoxBased_0-1_UVW.uasset" 215
"../../../Engine/Content/Functions/Engine_MaterialFunctions02/UVs/BoundingBoxBased_0-1_UVW.uexp" 216
"../../../Engine/Content/Functions/Engine_MaterialFunctions02/Utility/VectorLength.uasset" 217
"../../../Engine/Content/Functions/Engine_MaterialFunctions02/Utility/VectorLength.uexp" 218
"../../../Engine/Plugins/Editor/SpeedTreeImporter/Content/SpeedTree9/UnpackInteger3.uasset" 219
"../../../Engine/Plugins/Editor/SpeedTreeImporter/Content/SpeedTree9/UnpackInteger3.uexp" 220
"../../../Engine/Plugins/Editor/SpeedTreeImporter/Content/SpeedTree9/SpeedTreeCameraFacing.uasset" 221
"../../../Engine/Plugins/Editor/SpeedTreeImporter/Content/SpeedTree9/SpeedTreeCameraFacing.uexp" 222
"../../../Engine/Content/Functions/Engine_MaterialFunctions02/WorldPositionOffset/ObjectScale.uasset" 223
"../../../Engine/Content/Functions/Engine_MaterialFunctions02/WorldPositionOffset/ObjectScale.uexp" 224
"../../../Engine/Content/Functions/Engine_MaterialFunctions02/SafeNormalize.uasset" 225
"../../../Engine/Content/Functions/Engine_MaterialFunctions02/SafeNormalize.uexp" 226
"../../../Engine/Plugins/Editor/SpeedTreeImporter/Content/SpeedTree9/SpeedTreeWindMotion.uasset" 227
"../../../Engine/Plugins/Editor/SpeedTreeImporter/Content/SpeedTree9/SpeedTreeWindMotion.uexp" 228
"../../../Engine/Plugins/Editor/SpeedTreeImporter/Content/SpeedTree9/SpeedTreeBranchMotion.uasset" 229
"../../../Engine/Plugins/Editor/SpeedTreeImporter/Content/SpeedTree9/SpeedTreeBranchMotion.uexp" 230
"../../../Engine/Plugins/Editor/SpeedTreeImporter/Content/SpeedTree9/SpeedTreeWind.uasset" 231
"../../../Engine/Plugins/Editor/SpeedTreeImporter/Content/SpeedTree9/SpeedTreeWind.uexp" 232
"../../../Engine/Plugins/Editor/SpeedTreeImporter/Content/SpeedTree9/EmptyNormal.uasset" 233
"../../../Engine/Plugins/Editor/SpeedTreeImporter/Content/SpeedTree9/EmptyNormal.uexp" 234
"../../../Engine/Plugins/Editor/SpeedTreeImporter/Content/SpeedTree9/Empty.uasset" 235
"../../../Engine/Plugins/Editor/SpeedTreeImporter/Content/SpeedTree9/Empty.uexp" 236
"../../../Engine/Plugins/Editor/SpeedTreeImporter/Content/SpeedTree9/SpeedTreeMaster.uasset" 237
"../../../Engine/Plugins/Editor/SpeedTreeImporter/Content/SpeedTree9/SpeedTreeMaster.uexp" 238
"../../../Engine/Plugins/Editor/SpeedTreeImporter/Content/SpeedTree9/SpeedTreeBillboard.uasset" 239
"../../../Engine/Plugins/Editor/SpeedTreeImporter/Content/SpeedTree9/SpeedTreeBillboard.uexp" 240
"../../../Engine/Plugins/Editor/SpeedTreeImporter/Content/SpeedTree9/SpeedTreeBillboardMaster.uasset" 241
"../../../Engine/Plugins/Editor/SpeedTreeImporter/Content/SpeedTree9/SpeedTreeBillboardMaster.uexp" 242
"../../../Engine/Content/Functions/Engine_MaterialFunctions02/WorldPositionOffset/CameraOffset.uasset" 243
"../../../Engine/Content/Functions/Engine_MaterialFunctions02/WorldPositionOffset/CameraOffset.uexp" 244
"../../../Engine/Plugins/Animation/ControlRig/Content/M_Manip.uasset" 245
"../../../Engine/Plugins/Animation/ControlRig/Content/M_Manip.uexp" 246
"../../../Engine/Plugins/Animation/ControlRig/Content/Controls/DefaultGizmoLibraryNormalized.uasset" 247
"../../../Engine/Plugins/Animation/ControlRig/Content/Controls/DefaultGizmoLibraryNormalized.uexp" 248
"../../../Engine/Plugins/Animation/ControlRig/Content/Controls/ControlRig_Wedge_solid.ubulk" 249
"../../../Engine/Plugins/Animation/ControlRig/Content/Controls/ControlRig_Wedge_solid.uasset" 250
"../../../Engine/Plugins/Animation/ControlRig/Content/Controls/ControlRig_Wedge_solid.uexp" 251
"../../../Engine/Plugins/Animation/ControlRig/Content/Controls/ControlRig_Wedge_3mm.ubulk" 252
"../../../Engine/Plugins/Animation/ControlRig/Content/Controls/ControlRig_Wedge_3mm.uasset" 253
"../../../Engine/Plugins/Animation/ControlRig/Content/Controls/ControlRig_Wedge_3mm.uexp" 254
"../../../Engine/Plugins/Animation/ControlRig/Content/Controls/ControlRig_Wedge_1mm.ubulk" 255
"../../../Engine/Plugins/Animation/ControlRig/Content/Controls/ControlRig_Wedge_1mm.uasset" 256
"../../../Engine/Plugins/Animation/ControlRig/Content/Controls/ControlRig_Wedge_1mm.uexp" 257
"../../../Engine/Plugins/Animation/ControlRig/Content/Controls/ControlRig_Triangle_solid.ubulk" 258
"../../../Engine/Plugins/Animation/ControlRig/Content/Controls/ControlRig_Triangle_solid.uasset" 259
"../../../Engine/Plugins/Animation/ControlRig/Content/Controls/ControlRig_Triangle_solid.uexp" 260
"../../../Engine/Plugins/Animation/ControlRig/Content/Controls/ControlRig_Triangle_3mm.ubulk" 261
"../../../Engine/Plugins/Animation/ControlRig/Content/Controls/ControlRig_Triangle_3mm.uasset" 262
"../../../Engine/Plugins/Animation/ControlRig/Content/Controls/ControlRig_Triangle_3mm.uexp" 263
"../../../Engine/Plugins/Animation/ControlRig/Content/Controls/ControlRig_Triangle_1mm.ubulk" 264
"../../../Engine/Plugins/Animation/ControlRig/Content/Controls/ControlRig_Triangle_1mm.uasset" 265
"../../../Engine/Plugins/Animation/ControlRig/Content/Controls/ControlRig_Triangle_1mm.uexp" 266
"../../../Engine/Plugins/Animation/ControlRig/Content/Controls/ControlRig_Star4_solid.ubulk" 267
"../../../Engine/Plugins/Animation/ControlRig/Content/Controls/ControlRig_Star4_solid.uasset" 268
"../../../Engine/Plugins/Animation/ControlRig/Content/Controls/ControlRig_Star4_solid.uexp" 269
"../../../Engine/Plugins/Animation/ControlRig/Content/Controls/ControlRig_Star4_3mm.ubulk" 270
"../../../Engine/Plugins/Animation/ControlRig/Content/Controls/ControlRig_Star4_3mm.uasset" 271
"../../../Engine/Plugins/Animation/ControlRig/Content/Controls/ControlRig_Star4_3mm.uexp" 272
"../../../Engine/Plugins/Animation/ControlRig/Content/Controls/ControlRig_Star4_1mm.ubulk" 273
"../../../Engine/Plugins/Animation/ControlRig/Content/Controls/ControlRig_Star4_1mm.uasset" 274
"../../../Engine/Plugins/Animation/ControlRig/Content/Controls/ControlRig_Star4_1mm.uexp" 275
"../../../Engine/Plugins/Animation/ControlRig/Content/Controls/ControlRig_Square_solid.ubulk" 276
"../../../Engine/Plugins/Animation/ControlRig/Content/Controls/ControlRig_Square_solid.uasset" 277
"../../../Engine/Plugins/Animation/ControlRig/Content/Controls/ControlRig_Square_solid.uexp" 278
"../../../Engine/Plugins/Animation/ControlRig/Content/Controls/ControlRig_Square_3mm.ubulk" 279
"../../../Engine/Plugins/Animation/ControlRig/Content/Controls/ControlRig_Square_3mm.uasset" 280
"../../../Engine/Plugins/Animation/ControlRig/Content/Controls/ControlRig_Square_3mm.uexp" 281
"../../../Engine/Plugins/Animation/ControlRig/Content/Controls/ControlRig_Square_1mm.ubulk" 282
"../../../Engine/Plugins/Animation/ControlRig/Content/Controls/ControlRig_Square_1mm.uasset" 283
"../../../Engine/Plugins/Animation/ControlRig/Content/Controls/ControlRig_Square_1mm.uexp" 284
"../../../Engine/Plugins/Animation/ControlRig/Content/Controls/ControlRig_Sphere_solid.ubulk" 285
"../../../Engine/Plugins/Animation/ControlRig/Content/Controls/ControlRig_Sphere_solid.uasset" 286
"../../../Engine/Plugins/Animation/ControlRig/Content/Controls/ControlRig_Sphere_solid.uexp" 287
"../../../Engine/Plugins/Animation/ControlRig/Content/Controls/ControlRig_Sphere_3mm.ubulk" 288
"../../../Engine/Plugins/Animation/ControlRig/Content/Controls/ControlRig_Sphere_3mm.uasset" 289
"../../../Engine/Plugins/Animation/ControlRig/Content/Controls/ControlRig_Sphere_3mm.uexp" 290
"../../../Engine/Plugins/Animation/ControlRig/Content/Controls/ControlRig_Sphere_1mm.ubulk" 291
"../../../Engine/Plugins/Animation/ControlRig/Content/Controls/ControlRig_Sphere_1mm.uasset" 292
"../../../Engine/Plugins/Animation/ControlRig/Content/Controls/ControlRig_Sphere_1mm.uexp" 293
"../../../Engine/Plugins/Animation/ControlRig/Content/Controls/ControlRig_RoundedTriangle_solid.ubulk" 294
"../../../Engine/Plugins/Animation/ControlRig/Content/Controls/ControlRig_RoundedTriangle_solid.uasset" 295
"../../../Engine/Plugins/Animation/ControlRig/Content/Controls/ControlRig_RoundedTriangle_solid.uexp" 296
"../../../Engine/Plugins/Animation/ControlRig/Content/Controls/ControlRig_RoundedTriangle_3mm.ubulk" 297
"../../../Engine/Plugins/Animation/ControlRig/Content/Controls/ControlRig_RoundedTriangle_3mm.uasset" 298
"../../../Engine/Plugins/Animation/ControlRig/Content/Controls/ControlRig_RoundedTriangle_3mm.uexp" 299
"../../../Engine/Plugins/Animation/ControlRig/Content/Controls/ControlRig_RoundedTriangle_1mm.ubulk" 300
"../../../Engine/Plugins/Animation/ControlRig/Content/Controls/ControlRig_RoundedTriangle_1mm.uasset" 301
"../../../Engine/Plugins/Animation/ControlRig/Content/Controls/ControlRig_RoundedTriangle_1mm.uexp" 302
"../../../Engine/Plugins/Animation/ControlRig/Content/Controls/ControlRig_RoundedSquare_solid.ubulk" 303
"../../../Engine/Plugins/Animation/ControlRig/Content/Controls/ControlRig_RoundedSquare_solid.uasset" 304
"../../../Engine/Plugins/Animation/ControlRig/Content/Controls/ControlRig_RoundedSquare_solid.uexp" 305
"../../../Engine/Plugins/Animation/ControlRig/Content/Controls/ControlRig_RoundedSquare_3mm.ubulk" 306
"../../../Engine/Plugins/Animation/ControlRig/Content/Controls/ControlRig_RoundedSquare_3mm.uasset" 307
"../../../Engine/Plugins/Animation/ControlRig/Content/Controls/ControlRig_RoundedSquare_3mm.uexp" 308
"../../../Engine/Plugins/Animation/ControlRig/Content/Controls/ControlRig_RoundedSquare_1mm.ubulk" 309
"../../../Engine/Plugins/Animation/ControlRig/Content/Controls/ControlRig_RoundedSquare_1mm.uasset" 310
"../../../Engine/Plugins/Animation/ControlRig/Content/Controls/ControlRig_RoundedSquare_1mm.uexp" 311
"../../../Engine/Plugins/Animation/ControlRig/Content/Controls/ControlRig_QuarterCircle_solid.ubulk" 312
"../../../Engine/Plugins/Animation/ControlRig/Content/Controls/ControlRig_QuarterCircle_solid.uasset" 313
"../../../Engine/Plugins/Animation/ControlRig/Content/Controls/ControlRig_QuarterCircle_solid.uexp" 314
"../../../Engine/Plugins/Animation/ControlRig/Content/Controls/ControlRig_QuarterCircle_3mm.ubulk" 315
"../../../Engine/Plugins/Animation/ControlRig/Content/Controls/ControlRig_QuarterCircle_3mm.uasset" 316
"../../../Engine/Plugins/Animation/ControlRig/Content/Controls/ControlRig_QuarterCircle_3mm.uexp" 317
"../../../Engine/Plugins/Animation/ControlRig/Content/Controls/ControlRig_QuarterCircle_1mm.ubulk" 318
"../../../Engine/Plugins/Animation/ControlRig/Content/Controls/ControlRig_QuarterCircle_1mm.uasset" 319
"../../../Engine/Plugins/Animation/ControlRig/Content/Controls/ControlRig_QuarterCircle_1mm.uexp" 320
"../../../Engine/Plugins/Animation/ControlRig/Content/Controls/ControlRig_Pyramid_solid.ubulk" 321
"../../../Engine/Plugins/Animation/ControlRig/Content/Controls/ControlRig_Pyramid_solid.uasset" 322
"../../../Engine/Plugins/Animation/ControlRig/Content/Controls/ControlRig_Pyramid_solid.uexp" 323
"../../../Engine/Plugins/Animation/ControlRig/Content/Controls/ControlRig_Pyramid_3mm.ubulk" 324
"../../../Engine/Plugins/Animation/ControlRig/Content/Controls/ControlRig_Pyramid_3mm.uasset" 325
"../../../Engine/Plugins/Animation/ControlRig/Content/Controls/ControlRig_Pyramid_3mm.uexp" 326
"../../../Engine/Plugins/Animation/ControlRig/Content/Controls/ControlRig_Pyramid_1mm.ubulk" 327
"../../../Engine/Plugins/Animation/ControlRig/Content/Controls/ControlRig_Pyramid_1mm.uasset" 328
"../../../Engine/Plugins/Animation/ControlRig/Content/Controls/ControlRig_Pyramid_1mm.uexp" 329
"../../../Engine/Plugins/Animation/ControlRig/Content/Controls/ControlRig_Octagon_solid.ubulk" 330
"../../../Engine/Plugins/Animation/ControlRig/Content/Controls/ControlRig_Octagon_solid.uasset" 331
"../../../Engine/Plugins/Animation/ControlRig/Content/Controls/ControlRig_Octagon_solid.uexp" 332
"../../../Engine/Plugins/Animation/ControlRig/Content/Controls/ControlRig_Octagon_3mm.ubulk" 333
"../../../Engine/Plugins/Animation/ControlRig/Content/Controls/ControlRig_Octagon_3mm.uasset" 334
"../../../Engine/Plugins/Animation/ControlRig/Content/Controls/ControlRig_Octagon_3mm.uexp" 335
"../../../Engine/Plugins/Animation/ControlRig/Content/Controls/ControlRig_Octagon_1mm.ubulk" 336
"../../../Engine/Plugins/Animation/ControlRig/Content/Controls/ControlRig_Octagon_1mm.uasset" 337
"../../../Engine/Plugins/Animation/ControlRig/Content/Controls/ControlRig_Octagon_1mm.uexp" 338
"../../../Engine/Plugins/Animation/ControlRig/Content/Controls/ControlRig_Hexagon_solid.ubulk" 339
"../../../Engine/Plugins/Animation/ControlRig/Content/Controls/ControlRig_Hexagon_solid.uasset" 340
"../../../Engine/Plugins/Animation/ControlRig/Content/Controls/ControlRig_Hexagon_solid.uexp" 341
"../../../Engine/Plugins/Animation/ControlRig/Content/Controls/ControlRig_Hexagon_3mm.ubulk" 342
"../../../Engine/Plugins/Animation/ControlRig/Content/Controls/ControlRig_Hexagon_3mm.uasset" 343
"../../../Engine/Plugins/Animation/ControlRig/Content/Controls/ControlRig_Hexagon_3mm.uexp" 344
"../../../Engine/Plugins/Animation/ControlRig/Content/Controls/ControlRig_Hexagon_1mm.ubulk" 345
"../../../Engine/Plugins/Animation/ControlRig/Content/Controls/ControlRig_Hexagon_1mm.uasset" 346
"../../../Engine/Plugins/Animation/ControlRig/Content/Controls/ControlRig_Hexagon_1mm.uexp" 347
"../../../Engine/Plugins/Animation/ControlRig/Content/Controls/ControlRig_HalfCircle_solid.ubulk" 348
"../../../Engine/Plugins/Animation/ControlRig/Content/Controls/ControlRig_HalfCircle_solid.uasset" 349
"../../../Engine/Plugins/Animation/ControlRig/Content/Controls/ControlRig_HalfCircle_solid.uexp" 350
"../../../Engine/Plugins/Animation/ControlRig/Content/Controls/ControlRig_HalfCircle_3mm.ubulk" 351
"../../../Engine/Plugins/Animation/ControlRig/Content/Controls/ControlRig_HalfCircle_3mm.uasset" 352
"../../../Engine/Plugins/Animation/ControlRig/Content/Controls/ControlRig_HalfCircle_3mm.uexp" 353
"../../../Engine/Plugins/Animation/ControlRig/Content/Controls/ControlRig_HalfCircle_1mm.ubulk" 354
"../../../Engine/Plugins/Animation/ControlRig/Content/Controls/ControlRig_HalfCircle_1mm.uasset" 355
"../../../Engine/Plugins/Animation/ControlRig/Content/Controls/ControlRig_HalfCircle_1mm.uexp" 356
"../../../Engine/Plugins/Animation/ControlRig/Content/Controls/ControlRig_Diamond_solid.ubulk" 357
"../../../Engine/Plugins/Animation/ControlRig/Content/Controls/ControlRig_Diamond_solid.uasset" 358
"../../../Engine/Plugins/Animation/ControlRig/Content/Controls/ControlRig_Diamond_solid.uexp" 359
"../../../Engine/Plugins/Animation/ControlRig/Content/Controls/ControlRig_Diamond_3mm.ubulk" 360
"../../../Engine/Plugins/Animation/ControlRig/Content/Controls/ControlRig_Diamond_3mm.uasset" 361
"../../../Engine/Plugins/Animation/ControlRig/Content/Controls/ControlRig_Diamond_3mm.uexp" 362
"../../../Engine/Plugins/Animation/ControlRig/Content/Controls/ControlRig_Diamond_1mm.ubulk" 363
"../../../Engine/Plugins/Animation/ControlRig/Content/Controls/ControlRig_Diamond_1mm.uasset" 364
"../../../Engine/Plugins/Animation/ControlRig/Content/Controls/ControlRig_Diamond_1mm.uexp" 365
"../../../Engine/Plugins/Animation/ControlRig/Content/Controls/ControlRig_Circle_solid.ubulk" 366
"../../../Engine/Plugins/Animation/ControlRig/Content/Controls/ControlRig_Circle_solid.uasset" 367
"../../../Engine/Plugins/Animation/ControlRig/Content/Controls/ControlRig_Circle_solid.uexp" 368
"../../../Engine/Plugins/Animation/ControlRig/Content/Controls/ControlRig_Circle_3mm.ubulk" 369
"../../../Engine/Plugins/Animation/ControlRig/Content/Controls/ControlRig_Circle_3mm.uasset" 370
"../../../Engine/Plugins/Animation/ControlRig/Content/Controls/ControlRig_Circle_3mm.uexp" 371
"../../../Engine/Plugins/Animation/ControlRig/Content/Controls/ControlRig_Circle_1mm.ubulk" 372
"../../../Engine/Plugins/Animation/ControlRig/Content/Controls/ControlRig_Circle_1mm.uasset" 373
"../../../Engine/Plugins/Animation/ControlRig/Content/Controls/ControlRig_Circle_1mm.uexp" 374
"../../../Engine/Plugins/Animation/ControlRig/Content/Controls/ControlRig_Box_solid.ubulk" 375
"../../../Engine/Plugins/Animation/ControlRig/Content/Controls/ControlRig_Box_solid.uasset" 376
"../../../Engine/Plugins/Animation/ControlRig/Content/Controls/ControlRig_Box_solid.uexp" 377
"../../../Engine/Plugins/Animation/ControlRig/Content/Controls/ControlRig_Box_3mm.ubulk" 378
"../../../Engine/Plugins/Animation/ControlRig/Content/Controls/ControlRig_Box_3mm.uasset" 379
"../../../Engine/Plugins/Animation/ControlRig/Content/Controls/ControlRig_Box_3mm.uexp" 380
"../../../Engine/Plugins/Animation/ControlRig/Content/Controls/ControlRig_Box_1mm.ubulk" 381
"../../../Engine/Plugins/Animation/ControlRig/Content/Controls/ControlRig_Box_1mm.uasset" 382
"../../../Engine/Plugins/Animation/ControlRig/Content/Controls/ControlRig_Box_1mm.uexp" 383
"../../../Engine/Plugins/Animation/ControlRig/Content/Controls/ControlRig_Arrow_solid.ubulk" 384
"../../../Engine/Plugins/Animation/ControlRig/Content/Controls/ControlRig_Arrow_solid.uasset" 385
"../../../Engine/Plugins/Animation/ControlRig/Content/Controls/ControlRig_Arrow_solid.uexp" 386
"../../../Engine/Plugins/Animation/ControlRig/Content/Controls/ControlRig_Arrow_3mm.ubulk" 387
"../../../Engine/Plugins/Animation/ControlRig/Content/Controls/ControlRig_Arrow_3mm.uasset" 388
"../../../Engine/Plugins/Animation/ControlRig/Content/Controls/ControlRig_Arrow_3mm.uexp" 389
"../../../Engine/Plugins/Animation/ControlRig/Content/Controls/ControlRig_Arrow_1mm.ubulk" 390
"../../../Engine/Plugins/Animation/ControlRig/Content/Controls/ControlRig_Arrow_1mm.uasset" 391
"../../../Engine/Plugins/Animation/ControlRig/Content/Controls/ControlRig_Arrow_1mm.uexp" 392
"../../../Engine/Plugins/Animation/ControlRig/Content/Controls/ControlRig_Arrow4_solid.ubulk" 393
"../../../Engine/Plugins/Animation/ControlRig/Content/Controls/ControlRig_Arrow4_solid.uasset" 394
"../../../Engine/Plugins/Animation/ControlRig/Content/Controls/ControlRig_Arrow4_solid.uexp" 395
"../../../Engine/Plugins/Animation/ControlRig/Content/Controls/ControlRig_Arrow4_3mm.ubulk" 396
"../../../Engine/Plugins/Animation/ControlRig/Content/Controls/ControlRig_Arrow4_3mm.uasset" 397
"../../../Engine/Plugins/Animation/ControlRig/Content/Controls/ControlRig_Arrow4_3mm.uexp" 398
"../../../Engine/Plugins/Animation/ControlRig/Content/Controls/ControlRig_Arrow4_1mm.ubulk" 399
"../../../Engine/Plugins/Animation/ControlRig/Content/Controls/ControlRig_Arrow4_1mm.uasset" 400
"../../../Engine/Plugins/Animation/ControlRig/Content/Controls/ControlRig_Arrow4_1mm.uexp" 401
"../../../Engine/Plugins/Animation/ControlRig/Content/Controls/ControlRig_Arrow2_solid.ubulk" 402
"../../../Engine/Plugins/Animation/ControlRig/Content/Controls/ControlRig_Arrow2_solid.uasset" 403
"../../../Engine/Plugins/Animation/ControlRig/Content/Controls/ControlRig_Arrow2_solid.uexp" 404
"../../../Engine/Plugins/Animation/ControlRig/Content/Controls/ControlRig_Arrow2_3mm.ubulk" 405
"../../../Engine/Plugins/Animation/ControlRig/Content/Controls/ControlRig_Arrow2_3mm.uasset" 406
"../../../Engine/Plugins/Animation/ControlRig/Content/Controls/ControlRig_Arrow2_3mm.uexp" 407
"../../../Engine/Plugins/Animation/ControlRig/Content/Controls/ControlRig_Arrow2_1mm.ubulk" 408
"../../../Engine/Plugins/Animation/ControlRig/Content/Controls/ControlRig_Arrow2_1mm.uasset" 409
"../../../Engine/Plugins/Animation/ControlRig/Content/Controls/ControlRig_Arrow2_1mm.uexp" 410
"../../../Engine/Plugins/Animation/ControlRig/Content/Controls/ControlRigXRayMaterial.uasset" 411
"../../../Engine/Plugins/Animation/ControlRig/Content/Controls/ControlRigXRayMaterial.uexp" 412
"../../../Engine/Plugins/Animation/ControlRig/Content/Controls/ControlRigGizmoMaterial.uasset" 413
"../../../Engine/Plugins/Animation/ControlRig/Content/Controls/ControlRigGizmoMaterial.uexp" 414
"../../../Engine/Plugins/Animation/ACLPlugin/Content/ACLAnimCurveCompressionSettings.uasset" 415
"../../../Engine/Plugins/Animation/ACLPlugin/Content/ACLAnimCurveCompressionSettings.uexp" 416
"../../../Engine/Plugins/Animation/ACLPlugin/Content/ACLAnimBoneCompressionSettings.uasset" 417
"../../../Engine/Plugins/Animation/ACLPlugin/Content/ACLAnimBoneCompressionSettings.uexp" 418
"../../../Engine/Plugins/2D/Paper2D/Content/PlaceholderTextures/DummySpriteTexture.ubulk" 419
"../../../Engine/Plugins/2D/Paper2D/Content/PlaceholderTextures/DummySpriteTexture.uasset" 420
"../../../Engine/Plugins/2D/Paper2D/Content/PlaceholderTextures/DummySpriteTexture.uexp" 421
"../../../Engine/Plugins/2D/Paper2D/Content/DefaultSpriteMaterial.uasset" 422
"../../../Engine/Plugins/2D/Paper2D/Content/DefaultSpriteMaterial.uexp" 423
"../../../Engine/Plugins/2D/Paper2D/Content/OpaqueUnlitSpriteMaterial.uasset" 424
"../../../Engine/Plugins/2D/Paper2D/Content/OpaqueUnlitSpriteMaterial.uexp" 425
"../../../Engine/Plugins/2D/Paper2D/Content/MaskedUnlitSpriteMaterial.uasset" 426
"../../../Engine/Plugins/2D/Paper2D/Content/MaskedUnlitSpriteMaterial.uexp" 427
"../../../Engine/Plugins/2D/Paper2D/Content/DummySprite.uasset" 428
"../../../Engine/Plugins/2D/Paper2D/Content/DummySprite.uexp" 429
"../../../Engine/Plugins/2D/Paper2D/Content/DefaultPaperTerrainMaterial.uasset" 430
"../../../Engine/Plugins/2D/Paper2D/Content/DefaultPaperTerrainMaterial.uexp" 431
"../../../Engine/Content/VREditor/TransformGizmo/StartRotationHandleIndicator.ubulk" 432
"../../../Engine/Content/VREditor/TransformGizmo/StartRotationHandleIndicator.uasset" 433
"../../../Engine/Content/VREditor/TransformGizmo/StartRotationHandleIndicator.uexp" 434
"../../../Engine/Content/VREditor/Sounds/UI/Drop_Item_From_ContentBrowser.ubulk" 435
"../../../Engine/Content/VREditor/Sounds/UI/Drop_Item_From_ContentBrowser.uasset" 436
"../../../Engine/Content/VREditor/Sounds/UI/Drop_Item_From_ContentBrowser.uexp" 437
"../../../Engine/Content/VREditor/TransformGizmo/PlaneTranslationHandle.ubulk" 438
"../../../Engine/Content/VREditor/TransformGizmo/PlaneTranslationHandle.uasset" 439
"../../../Engine/Content/VREditor/TransformGizmo/PlaneTranslationHandle.uexp" 440
"../../../Engine/Content/VREditor/Sounds/UI/Object_Snaps_To_Grid.ubulk" 441
"../../../Engine/Content/VREditor/Sounds/UI/Object_Snaps_To_Grid.uasset" 442
"../../../Engine/Content/VREditor/Sounds/UI/Object_Snaps_To_Grid.uexp" 443
"../../../Engine/Content/VREditor/Sounds/UI/Selection_Changes.ubulk" 444
"../../../Engine/Content/VREditor/Sounds/UI/Selection_Changes.uasset" 445
"../../../Engine/Content/VREditor/Sounds/UI/Selection_Changes.uexp" 446
"../../../Engine/Content/VREditor/Sounds/UI/Object_Snaps_To_Another_Actor.ubulk" 447
"../../../Engine/Content/VREditor/Sounds/UI/Object_Snaps_To_Another_Actor.uasset" 448
"../../../Engine/Content/VREditor/Sounds/UI/Object_Snaps_To_Another_Actor.uexp" 449
"../../../Engine/Content/VREditor/TransformGizmo/TranslucentTransformGizmoMaterial_Inst.uasset" 450
"../../../Engine/Content/VREditor/TransformGizmo/TranslucentTransformGizmoMaterial_Inst.uexp" 451
"../../../Engine/Content/VREditor/TransformGizmo/TransformGizmoFreeRotation.ubulk" 452
"../../../Engine/Content/VREditor/TransformGizmo/TransformGizmoFreeRotation.uasset" 453
"../../../Engine/Content/VREditor/TransformGizmo/TransformGizmoFreeRotation.uexp" 454
"../../../Engine/Content/VREditor/Sounds/UI/Scaling_Down.ubulk" 455
"../../../Engine/Content/VREditor/Sounds/UI/Scaling_Down.uasset" 456
"../../../Engine/Content/VREditor/Sounds/UI/Scaling_Down.uexp" 457
"../../../Engine/Content/Functions/Engine_MaterialFunctions02/Math/Transform3x3Matrix.uasset" 458
"../../../Engine/Content/Functions/Engine_MaterialFunctions02/Math/Transform3x3Matrix.uexp" 459
"../../../Engine/Content/Functions/Engine_MaterialFunctions02/SplitComponents.uasset" 460
"../../../Engine/Content/Functions/Engine_MaterialFunctions02/SplitComponents.uexp" 461
"../../../Engine/Content/Functions/Engine_MaterialFunctions02/Utility/MakeFloat3.uasset" 462
"../../../Engine/Content/Functions/Engine_MaterialFunctions02/Utility/MakeFloat3.uexp" 463
"../../../Engine/Content/VREditor/SnapGrid/SnapGridMaterial.uasset" 464
"../../../Engine/Content/VREditor/SnapGrid/SnapGridMaterial.uexp" 465
"../../../Engine/Content/VREditor/SnapGrid/SnapGridPlaneMesh.ubulk" 466
"../../../Engine/Content/VREditor/SnapGrid/SnapGridPlaneMesh.uasset" 467
"../../../Engine/Content/VREditor/SnapGrid/SnapGridPlaneMesh.uexp" 468
"../../../Engine/Content/VREditor/Sounds/UI/Scaling_Up.ubulk" 469
"../../../Engine/Content/VREditor/Sounds/UI/Scaling_Up.uasset" 470
"../../../Engine/Content/VREditor/Sounds/UI/Scaling_Up.uexp" 471
"../../../Engine/Content/VREditor/TransformGizmo/TransformGizmoMaterial_Inst.uasset" 472
"../../../Engine/Content/VREditor/TransformGizmo/TransformGizmoMaterial_Inst.uexp" 473
"../../../Engine/Content/VREditor/Sounds/UI/Gizmo_Handle_Clicked.ubulk" 474
"../../../Engine/Content/VREditor/Sounds/UI/Gizmo_Handle_Clicked.uasset" 475
"../../../Engine/Content/VREditor/Sounds/UI/Gizmo_Handle_Clicked.uexp" 476
"../../../Engine/Content/VREditor/TransformGizmo/RotationHandleQuarter.ubulk" 477
"../../../Engine/Content/VREditor/TransformGizmo/RotationHandleQuarter.uasset" 478
"../../../Engine/Content/VREditor/TransformGizmo/RotationHandleQuarter.uexp" 479
"../../../Engine/Content/VREditor/TransformGizmo/TranslateArrowHandle.ubulk" 480
"../../../Engine/Content/VREditor/TransformGizmo/TranslateArrowHandle.uasset" 481
"../../../Engine/Content/VREditor/TransformGizmo/TranslateArrowHandle.uexp" 482
"../../../Engine/Content/VREditor/TransformGizmo/RotationHandleIndicator.ubulk" 483
"../../../Engine/Content/VREditor/TransformGizmo/RotationHandleIndicator.uasset" 484
"../../../Engine/Content/VREditor/TransformGizmo/RotationHandleIndicator.uexp" 485
"../../../Engine/Content/VREditor/TransformGizmo/UniformScaleHandle.ubulk" 486
"../../../Engine/Content/VREditor/TransformGizmo/UniformScaleHandle.uasset" 487
"../../../Engine/Content/VREditor/TransformGizmo/UniformScaleHandle.uexp" 488
"../../../Engine/Content/VREditor/TransformGizmo/RotationHandleFull.ubulk" 489
"../../../Engine/Content/VREditor/TransformGizmo/RotationHandleFull.uasset" 490
"../../../Engine/Content/VREditor/TransformGizmo/RotationHandleFull.uexp" 491
"../../../Engine/Content/VREditor/Sounds/UI/Object_PickUp.ubulk" 492
"../../../Engine/Content/VREditor/Sounds/UI/Object_PickUp.uasset" 493
"../../../Engine/Content/VREditor/Sounds/UI/Object_PickUp.uexp" 494
"../../../Engine/Content/EngineSounds/Master.uasset" 495
"../../../Engine/Content/EngineSounds/Master.uexp" 496
"../../../Engine/Content/EngineResources/WhiteSquareTexture.uasset" 497
"../../../Engine/Content/EngineResources/WhiteSquareTexture.uexp" 498
"../../../Engine/Content/EngineMaterials/Widget3DPassThrough.uasset" 499
"../../../Engine/Content/EngineMaterials/Widget3DPassThrough.uexp" 500
"../../../Engine/Content/EngineMaterials/Widget3DPassThrough_Translucent.uasset" 501
"../../../Engine/Content/EngineMaterials/Widget3DPassThrough_Translucent.uexp" 502
"../../../Engine/Content/EngineMaterials/Widget3DPassThrough_Translucent_OneSided.uasset" 503
"../../../Engine/Content/EngineMaterials/Widget3DPassThrough_Translucent_OneSided.uexp" 504
"../../../Engine/Content/EngineMaterials/Widget3DPassThrough_Opaque.uasset" 505
"../../../Engine/Content/EngineMaterials/Widget3DPassThrough_Opaque.uexp" 506
"../../../Engine/Content/EngineMaterials/Widget3DPassThrough_Opaque_OneSided.uasset" 507
"../../../Engine/Content/EngineMaterials/Widget3DPassThrough_Opaque_OneSided.uexp" 508
"../../../Engine/Content/EngineMaterials/Widget3DPassThrough_Masked_OneSided.uasset" 509
"../../../Engine/Content/EngineMaterials/Widget3DPassThrough_Masked_OneSided.uexp" 510
"../../../Engine/Content/EngineMaterials/Widget3DPassThrough_Masked.uasset" 511
"../../../Engine/Content/EngineMaterials/Widget3DPassThrough_Masked.uexp" 512
"../../../Engine/Content/EngineMaterials/STBlueNoise_vec2_128x128x64.uasset" 513
"../../../Engine/Content/EngineMaterials/STBlueNoise_vec2_128x128x64.uexp" 514
"../../../Engine/Content/EngineMaterials/STBlueNoise_scalar_128x128x64.uasset" 515
"../../../Engine/Content/EngineMaterials/STBlueNoise_scalar_128x128x64.uexp" 516
"../../../Engine/Content/EngineMaterials/RemoveSurfaceMaterial.uasset" 517
"../../../Engine/Content/EngineMaterials/RemoveSurfaceMaterial.uexp" 518
"../../../Engine/Content/EngineMaterials/DefaultCalibrationGrayscale.uasset" 519
"../../../Engine/Content/EngineMaterials/DefaultCalibrationGrayscale.uexp" 520
"../../../Engine/Content/EngineMaterials/PPM_DefaultCalibrationGrayscale.uasset" 521
"../../../Engine/Content/EngineMaterials/PPM_DefaultCalibrationGrayscale.uexp" 522
"../../../Engine/Content/EngineMaterials/DefaultCalibrationColor.uasset" 523
"../../../Engine/Content/EngineMaterials/DefaultCalibrationColor.uexp" 524
"../../../Engine/Content/EngineMaterials/PPM_DefaultCalibrationColor.uasset" 525
"../../../Engine/Content/EngineMaterials/PPM_DefaultCalibrationColor.uexp" 526
"../../../Engine/Content/EngineMaterials/PhAT_JointLimitMaterial.uasset" 527
"../../../Engine/Content/EngineMaterials/PhAT_JointLimitMaterial.uexp" 528
"../../../Engine/Content/EngineMaterials/NaniteHiddenSectionMaterial.uasset" 529
"../../../Engine/Content/EngineMaterials/NaniteHiddenSectionMaterial.uexp" 530
"../../../Engine/Content/EngineMaterials/InvalidLightmapSettings.ubulk" 531
"../../../Engine/Content/EngineMaterials/InvalidLightmapSettings.uasset" 532
"../../../Engine/Content/EngineMaterials/InvalidLightmapSettings.uexp" 533
"../../../Engine/Content/EngineMaterials/M_InvalidLightmapSettings.uasset" 534
"../../../Engine/Content/EngineMaterials/M_InvalidLightmapSettings.uexp" 535
"../../../Engine/Content/EngineMaterials/GizmoMaterial.uasset" 536
"../../../Engine/Content/EngineMaterials/GizmoMaterial.uexp" 537
"../../../Engine/Content/EngineMaterials/BaseFlattenEmissiveMap_VT.uasset" 538
"../../../Engine/Content/EngineMaterials/BaseFlattenEmissiveMap_VT.uexp" 539
"../../../Engine/Content/EngineMaterials/BaseFlattenGrayscaleMap_VT.uasset" 540
"../../../Engine/Content/EngineMaterials/BaseFlattenGrayscaleMap_VT.uexp" 541
"../../../Engine/Content/EngineMaterials/BaseFlattenLinearColor_VT.uasset" 542
"../../../Engine/Content/EngineMaterials/BaseFlattenLinearColor_VT.uexp" 543
"../../../Engine/Content/EngineMaterials/Black_1x1_EXR_Texture_VT.uasset" 544
"../../../Engine/Content/EngineMaterials/Black_1x1_EXR_Texture_VT.uexp" 545
"../../../Engine/Content/EngineMaterials/BaseFlattenDiffuseMap_VT.uasset" 546
"../../../Engine/Content/EngineMaterials/BaseFlattenDiffuseMap_VT.uexp" 547
"../../../Engine/Content/EngineMaterials/BaseFlattenNormalMap_VT.uasset" 548
"../../../Engine/Content/EngineMaterials/BaseFlattenNormalMap_VT.uexp" 549
"../../../Engine/Content/EngineMaterials/FlattenMaterial_WS_Normal_VT.uasset" 550
"../../../Engine/Content/EngineMaterials/FlattenMaterial_WS_Normal_VT.uexp" 551
"../../../Engine/Content/EngineMaterials/FlattenMaterial_VT.uasset" 552
"../../../Engine/Content/EngineMaterials/FlattenMaterial_VT.uexp" 553
"../../../Engine/Content/EngineMaterials/BaseFlattenNormalMap.uasset" 554
"../../../Engine/Content/EngineMaterials/BaseFlattenNormalMap.uexp" 555
"../../../Engine/Content/EngineMaterials/BaseFlattenGrayscaleMap.uasset" 556
"../../../Engine/Content/EngineMaterials/BaseFlattenGrayscaleMap.uexp" 557
"../../../Engine/Content/EngineMaterials/BaseFlattenDiffuseMap.uasset" 558
"../../../Engine/Content/EngineMaterials/BaseFlattenDiffuseMap.uexp" 559
"../../../Engine/Content/Functions/Engine_MaterialFunctions02/PivotPainter2/Black_1x1_EXR_Texture.uasset" 560
"../../../Engine/Content/Functions/Engine_MaterialFunctions02/PivotPainter2/Black_1x1_EXR_Texture.uexp" 561
"../../../Engine/Content/EngineMaterials/BaseFlattenEmissiveMap.uasset" 562
"../../../Engine/Content/EngineMaterials/BaseFlattenEmissiveMap.uexp" 563
"../../../Engine/Content/EngineMaterials/BaseFlattenLinearColor.uasset" 564
"../../../Engine/Content/EngineMaterials/BaseFlattenLinearColor.uexp" 565
"../../../Engine/Content/EngineMaterials/FlattenMaterial.uasset" 566
"../../../Engine/Content/EngineMaterials/FlattenMaterial.uexp" 567
"../../../Engine/Content/EngineMaterials/DefaultWhiteGrid_Low.uasset" 568
"../../../Engine/Content/EngineMaterials/DefaultWhiteGrid_Low.uexp" 569
"../../../Engine/Content/EngineMaterials/EmissiveMeshMaterial.uasset" 570
"../../../Engine/Content/EngineMaterials/EmissiveMeshMaterial.uexp" 571
"../../../Engine/Content/EngineFonts/RobotoDistanceField.uasset" 572
"../../../Engine/Content/EngineFonts/RobotoDistanceField.uexp" 573
"../../../Engine/Content/EngineMaterials/DefaultTextMaterialOpaque.uasset" 574
"../../../Engine/Content/EngineMaterials/DefaultTextMaterialOpaque.uexp" 575
"../../../Engine/Content/EngineMaterials/DefaultDiffuse.ubulk" 576
"../../../Engine/Content/EngineMaterials/DefaultDiffuse.uasset" 577
"../../../Engine/Content/EngineMaterials/DefaultDiffuse.uexp" 578
"../../../Engine/Content/Functions/Engine_MaterialFunctions02/Utility/BreakOutFloat2Components.uasset" 579
"../../../Engine/Content/Functions/Engine_MaterialFunctions02/Utility/BreakOutFloat2Components.uexp" 580
"../../../Engine/Content/EngineMaterials/DefaultPostProcessMaterial.uasset" 581
"../../../Engine/Content/EngineMaterials/DefaultPostProcessMaterial.uexp" 582
"../../../Engine/Content/EngineMaterials/DefaultPhysicalMaterial.uasset" 583
"../../../Engine/Content/EngineMaterials/DefaultPhysicalMaterial.uexp" 584
"../../../Engine/Content/EngineMaterials/DefaultLightFunctionMaterial.uasset" 585
"../../../Engine/Content/EngineMaterials/DefaultLightFunctionMaterial.uexp" 586
"../../../Engine/Content/EngineMaterials/DefaultDestructiblePhysicalMaterial.uasset" 587
"../../../Engine/Content/EngineMaterials/DefaultDestructiblePhysicalMaterial.uexp" 588
"../../../Engine/Content/EngineMaterials/DefaultDeferredDecalMaterial.uasset" 589
"../../../Engine/Content/EngineMaterials/DefaultDeferredDecalMaterial.uexp" 590
"../../../Engine/Content/EngineMaterials/DefaultBloomKernel.uasset" 591
"../../../Engine/Content/EngineMaterials/DefaultBloomKernel.uexp" 592
"../../../Engine/Content/EngineFonts/Faces/RobotoLight.uexp" 593
"../../../Engine/Content/EngineFonts/Faces/RobotoLight.uasset" 594
"../../../Engine/Content/EngineFonts/Faces/RobotoLight.ufont" 595
"../../../Engine/Content/EngineFonts/Faces/RobotoBold.uexp" 596
"../../../Engine/Content/EngineFonts/Faces/RobotoBold.uasset" 597
"../../../Engine/Content/EngineFonts/Faces/RobotoBold.ufont" 598
"../../../Engine/Content/EngineFonts/Faces/RobotoRegular.uexp" 599
"../../../Engine/Content/EngineFonts/Faces/RobotoRegular.uasset" 600
"../../../Engine/Content/EngineFonts/Faces/RobotoRegular.ufont" 601
"../../../Engine/Content/EngineFonts/Faces/DroidSansFallback.uexp" 602
"../../../Engine/Content/EngineFonts/Faces/DroidSansFallback.uasset" 603
"../../../Engine/Content/EngineFonts/Faces/DroidSansFallback.ufont" 604
"../../../Engine/Content/EngineFonts/Faces/RobotoItalic.uexp" 605
"../../../Engine/Content/EngineFonts/Faces/RobotoItalic.uasset" 606
"../../../Engine/Content/EngineFonts/Faces/RobotoItalic.ufont" 607
"../../../Engine/Content/EngineFonts/Faces/RobotoBoldItalic.uexp" 608
"../../../Engine/Content/EngineFonts/Faces/RobotoBoldItalic.uasset" 609
"../../../Engine/Content/EngineFonts/Faces/RobotoBoldItalic.ufont" 610
"../../../Engine/Content/EngineFonts/Roboto.uasset" 611
"../../../Engine/Content/EngineFonts/Roboto.uexp" 612
"../../../Engine/Content/EngineDebugMaterials/VolumeToRender.uasset" 613
"../../../Engine/Content/EngineDebugMaterials/VolumeToRender.uexp" 614
"../../../Engine/Content/EngineDebugMaterials/M_VolumeRenderSphereTracePP.uasset" 615
"../../../Engine/Content/EngineDebugMaterials/M_VolumeRenderSphereTracePP.uexp" 616
"../../../Engine/Content/EngineDebugMaterials/M_SimpleUnlitTranslucent.uasset" 617
"../../../Engine/Content/EngineDebugMaterials/M_SimpleUnlitTranslucent.uexp" 618
"../../../Engine/Content/EngineDebugMaterials/DebugMeshMaterial.uasset" 619
"../../../Engine/Content/EngineDebugMaterials/DebugMeshMaterial.uexp" 620
"../../../Engine/Content/EngineDebugMaterials/DebugEditorMaterial.uasset" 621
"../../../Engine/Content/EngineDebugMaterials/DebugEditorMaterial.uexp" 622
"../../../Engine/Content/EngineDamageTypes/DmgTypeBP_Environmental.uasset" 623
"../../../Engine/Content/EngineDamageTypes/DmgTypeBP_Environmental.uexp" 624
"../../../Engine/Content/EditorResources/S_Terrain.ubulk" 625
"../../../Engine/Content/EditorResources/S_Terrain.uasset" 626
"../../../Engine/Content/EditorResources/S_Terrain.uexp" 627
"../../../Engine/Content/EditorResources/EmptyActor.uasset" 628
"../../../Engine/Content/EditorResources/EmptyActor.uexp" 629
"../../../Engine/Content/EditorResources/BSPVertex.uasset" 630
"../../../Engine/Content/EditorResources/BSPVertex.uexp" 631
"../../../Engine/Content/EditorMaterials/PreviewShadowIndicator.ubulk" 632
"../../../Engine/Content/EditorMaterials/PreviewShadowIndicator.uasset" 633
"../../../Engine/Content/EditorMaterials/PreviewShadowIndicator.uexp" 634
"../../../Engine/Content/EditorMaterials/PreviewShadowIndicatorMaterial.uasset" 635
"../../../Engine/Content/EditorMaterials/PreviewShadowIndicatorMaterial.uexp" 636
"../../../Engine/Content/EditorMaterials/PhAT_UnselectedMaterial.uasset" 637
"../../../Engine/Content/EditorMaterials/PhAT_UnselectedMaterial.uexp" 638
"../../../Engine/Content/EditorMaterials/PhAT_NoCollisionMaterial.uasset" 639
"../../../Engine/Content/EditorMaterials/PhAT_NoCollisionMaterial.uexp" 640
"../../../Engine/Content/EditorLandscapeResources/DefaultAlphaTexture.uasset" 641
"../../../Engine/Content/EditorLandscapeResources/DefaultAlphaTexture.uexp" 642
"../../../Engine/Content/EditorLandscapeResources/DataLayer.uasset" 643
"../../../Engine/Content/EditorLandscapeResources/DataLayer.uexp" 644
"../../../Engine/Content/EngineMaterials/DefaultMaterial.uasset" 645
"../../../Engine/Content/EngineMaterials/DefaultMaterial.uexp" 646
"../../../Engine/Content/BasicShapes/Sphere.ubulk" 647
"../../../Engine/Content/BasicShapes/Sphere.uasset" 648
"../../../Engine/Content/BasicShapes/Sphere.uexp" 649
"../../../Engine/Content/BasicShapes/Plane.ubulk" 650
"../../../Engine/Content/BasicShapes/Plane.uasset" 651
"../../../Engine/Content/BasicShapes/Plane.uexp" 652
"../../../Engine/Content/BasicShapes/Cylinder.ubulk" 653
"../../../Engine/Content/BasicShapes/Cylinder.uasset" 654
"../../../Engine/Content/BasicShapes/Cylinder.uexp" 655
"../../../Engine/Content/BasicShapes/Cone.ubulk" 656
"../../../Engine/Content/BasicShapes/Cone.uasset" 657
"../../../Engine/Content/BasicShapes/Cone.uexp" 658
"../../../Engine/Content/Animation/DefaultVariableFrameStrippingSettings.uasset" 659
"../../../Engine/Content/Animation/DefaultVariableFrameStrippingSettings.uexp" 660
"../../../Engine/Content/Animation/DefaultRecorderBoneCompression.uasset" 661
"../../../Engine/Content/Animation/DefaultRecorderBoneCompression.uexp" 662
"C:/Users/Dylan/Documents/Unreal Projects/MigratedTetris/SUPER DUPER TETRIS/Content/_GENERATED/Dylan/Screenshot_2026-09-16_181410.uasset" 663
"C:/Users/Dylan/Documents/Unreal Projects/MigratedTetris/SUPER DUPER TETRIS/Content/_GENERATED/Dylan/Screenshot_2026-09-16_181410.uexp" 664
"C:/Users/Dylan/Documents/Unreal Projects/MigratedTetris/SUPER DUPER TETRIS/Content/_GENERATED/Dylan/imresizer-resize-Screenshot_2026-09-16_181410.ubulk" 665
"C:/Users/Dylan/Documents/Unreal Projects/MigratedTetris/SUPER DUPER TETRIS/Content/_GENERATED/Dylan/imresizer-resize-Screenshot_2026-09-16_181410.uasset" 666
"C:/Users/Dylan/Documents/Unreal Projects/MigratedTetris/SUPER DUPER TETRIS/Content/_GENERATED/Dylan/imresizer-resize-Screenshot_2026-09-16_181410.uexp" 667
"../../../Engine/Plugins/FX/Niagara/Content/DefaultAssets/DefaultSpriteMaterial.uasset" 668
"../../../Engine/Plugins/FX/Niagara/Content/DefaultAssets/DefaultSpriteMaterial.uexp" 669
"C:/Users/Dylan/Documents/Unreal Projects/MigratedTetris/SUPER DUPER TETRIS/Content/Core/VFX/NS_Guideline.uasset" 670
"C:/Users/Dylan/Documents/Unreal Projects/MigratedTetris/SUPER DUPER TETRIS/Content/Core/VFX/NS_Guideline.uexp" 671
"../../../Engine/Plugins/FX/Niagara/Content/DefaultAssets/DefaultRIbbonMaterial.uasset" 672
"../../../Engine/Plugins/FX/Niagara/Content/DefaultAssets/DefaultRIbbonMaterial.uexp" 673
"C:/Users/Dylan/Documents/Unreal Projects/MigratedTetris/SUPER DUPER TETRIS/Content/Core/VFX/NS_Beam.uasset" 674
"C:/Users/Dylan/Documents/Unreal Projects/MigratedTetris/SUPER DUPER TETRIS/Content/Core/VFX/NS_Beam.uexp" 675
"../../../Engine/Content/BasicShapes/Cube.ubulk" 676
"../../../Engine/Content/BasicShapes/Cube.uasset" 677
"../../../Engine/Content/BasicShapes/Cube.uexp" 678
"../../../Engine/Content/BasicShapes/BasicShapeMaterial.uasset" 679
"../../../Engine/Content/BasicShapes/BasicShapeMaterial.uexp" 680
"C:/Users/Dylan/Documents/Unreal Projects/MigratedTetris/SUPER DUPER TETRIS/Content/Core/Blueprints/BP_ScoreManager.uasset" 681
"C:/Users/Dylan/Documents/Unreal Projects/MigratedTetris/SUPER DUPER TETRIS/Content/Core/Blueprints/BP_ScoreManager.uexp" 682
"C:/Users/Dylan/Documents/Unreal Projects/MigratedTetris/SUPER DUPER TETRIS/Content/Core/Blueprints/BP_Camera.uasset" 683
"C:/Users/Dylan/Documents/Unreal Projects/MigratedTetris/SUPER DUPER TETRIS/Content/Core/Blueprints/BP_Camera.uexp" 684
"../../../Engine/Plugins/Interchange/Runtime/Content/gltf/MaterialFunctions/MF_RotateV2.uasset" 685
"../../../Engine/Plugins/Interchange/Runtime/Content/gltf/MaterialFunctions/MF_RotateV2.uexp" 686
"../../../Engine/Plugins/Interchange/Runtime/Content/gltf/MaterialFunctions/MF_TransformUVs.uasset" 687
"../../../Engine/Plugins/Interchange/Runtime/Content/gltf/MaterialFunctions/MF_TransformUVs.uexp" 688
"../../../Engine/Plugins/Interchange/Runtime/Content/gltf/Textures/T_White_srgb.uasset" 689
"../../../Engine/Plugins/Interchange/Runtime/Content/gltf/Textures/T_White_srgb.uexp" 690
"../../../Engine/Plugins/Interchange/Runtime/Content/gltf/MaterialFunctions/MF_BaseColor.uasset" 691
"../../../Engine/Plugins/Interchange/Runtime/Content/gltf/MaterialFunctions/MF_BaseColor.uexp" 692
"../../../Engine/Plugins/Interchange/Runtime/Content/gltf/MaterialBodies/MF_Unlit_Body.uasset" 693
"../../../Engine/Plugins/Interchange/Runtime/Content/gltf/MaterialBodies/MF_Unlit_Body.uexp" 694
"../../../Engine/Plugins/Interchange/Runtime/Content/gltf/M_Unlit.uasset" 695
"../../../Engine/Plugins/Interchange/Runtime/Content/gltf/M_Unlit.uexp" 696
"../../../Engine/Plugins/Interchange/Runtime/Content/gltf/MaterialInstances/MI_Unlit_Opaque_DS.uasset" 697
"../../../Engine/Plugins/Interchange/Runtime/Content/gltf/MaterialInstances/MI_Unlit_Opaque_DS.uexp" 698
"../../../Engine/Plugins/Interchange/Runtime/Content/gltf/MaterialInstances/MI_Unlit_Opaque.uasset" 699
"../../../Engine/Plugins/Interchange/Runtime/Content/gltf/MaterialInstances/MI_Unlit_Opaque.uexp" 700
"../../../Engine/Plugins/Interchange/Runtime/Content/gltf/MaterialInstances/MI_Unlit_Mask_DS.uasset" 701
"../../../Engine/Plugins/Interchange/Runtime/Content/gltf/MaterialInstances/MI_Unlit_Mask_DS.uexp" 702
"../../../Engine/Plugins/Interchange/Runtime/Content/gltf/MaterialInstances/MI_Unlit_Mask.uasset" 703
"../../../Engine/Plugins/Interchange/Runtime/Content/gltf/MaterialInstances/MI_Unlit_Mask.uexp" 704
"../../../Engine/Plugins/Interchange/Runtime/Content/gltf/MaterialInstances/MI_Unlit_Blend_DS.uasset" 705
"../../../Engine/Plugins/Interchange/Runtime/Content/gltf/MaterialInstances/MI_Unlit_Blend_DS.uexp" 706
"../../../Engine/Plugins/Interchange/Runtime/Content/gltf/MaterialInstances/MI_Unlit_Blend.uasset" 707
"../../../Engine/Plugins/Interchange/Runtime/Content/gltf/MaterialInstances/MI_Unlit_Blend.uexp" 708
"../../../Engine/Plugins/Interchange/Runtime/Content/gltf/MaterialFunctions/MF_Iridescence.uasset" 709
"../../../Engine/Plugins/Interchange/Runtime/Content/gltf/MaterialFunctions/MF_Iridescence.uexp" 710
"../../../Engine/Plugins/Interchange/Runtime/Content/gltf/Textures/T_White_Linear.uasset" 711
"../../../Engine/Plugins/Interchange/Runtime/Content/gltf/Textures/T_White_Linear.uexp" 712
"../../../Engine/Plugins/Interchange/Runtime/Content/gltf/MaterialFunctions/MF_MetallicRoughness.uasset" 713
"../../../Engine/Plugins/Interchange/Runtime/Content/gltf/MaterialFunctions/MF_MetallicRoughness.uexp" 714
"../../../Engine/Plugins/Interchange/Runtime/Content/gltf/MaterialFunctions/MF_Transmission.uasset" 715
"../../../Engine/Plugins/Interchange/Runtime/Content/gltf/MaterialFunctions/MF_Transmission.uexp" 716
"../../../Engine/Plugins/Interchange/Runtime/Content/gltf/MaterialFunctions/MF_Occlusion.uasset" 717
"../../../Engine/Plugins/Interchange/Runtime/Content/gltf/MaterialFunctions/MF_Occlusion.uexp" 718
"../../../Engine/Plugins/Interchange/Runtime/Content/gltf/MaterialFunctions/MF_Specular.uasset" 719
"../../../Engine/Plugins/Interchange/Runtime/Content/gltf/MaterialFunctions/MF_Specular.uexp" 720
"../../../Engine/Plugins/Interchange/Runtime/Content/gltf/MaterialFunctions/MF_IOR.uasset" 721
"../../../Engine/Plugins/Interchange/Runtime/Content/gltf/MaterialFunctions/MF_IOR.uexp" 722
"../../../Engine/Plugins/Interchange/Runtime/Content/gltf/MaterialFunctions/MF_RotateNormals_TS.uasset" 723
"../../../Engine/Plugins/Interchange/Runtime/Content/gltf/MaterialFunctions/MF_RotateNormals_TS.uexp" 724
"../../../Engine/Plugins/Interchange/Runtime/Content/gltf/Textures/T_Generic_N.uasset" 725
"../../../Engine/Plugins/Interchange/Runtime/Content/gltf/Textures/T_Generic_N.uexp" 726
"../../../Engine/Plugins/Interchange/Runtime/Content/gltf/MaterialFunctions/MF_Normals.uasset" 727
"../../../Engine/Plugins/Interchange/Runtime/Content/gltf/MaterialFunctions/MF_Normals.uexp" 728
"../../../Engine/Plugins/Interchange/Runtime/Content/gltf/MaterialBodies/MF_Transmission_Body.uasset" 729
"../../../Engine/Plugins/Interchange/Runtime/Content/gltf/MaterialBodies/MF_Transmission_Body.uexp" 730
"../../../Engine/Plugins/Interchange/Runtime/Content/gltf/M_Transmission.uasset" 731
"../../../Engine/Plugins/Interchange/Runtime/Content/gltf/M_Transmission.uexp" 732
"../../../Engine/Plugins/Interchange/Runtime/Content/gltf/MaterialInstances/MI_Transmission_DS.uasset" 733
"../../../Engine/Plugins/Interchange/Runtime/Content/gltf/MaterialInstances/MI_Transmission_DS.uexp" 734
"../../../Engine/Plugins/Interchange/Runtime/Content/gltf/MaterialInstances/MI_Transmission.uasset" 735
"../../../Engine/Plugins/Interchange/Runtime/Content/gltf/MaterialInstances/MI_Transmission.uexp" 736
"../../../Engine/Plugins/Interchange/Runtime/Content/gltf/MaterialFunctions/MF_DiffuseSpecGloss.uasset" 737
"../../../Engine/Plugins/Interchange/Runtime/Content/gltf/MaterialFunctions/MF_DiffuseSpecGloss.uexp" 738
"../../../Engine/Content/Functions/Engine_MaterialFunctions02/Math/AddComponents.uasset" 739
"../../../Engine/Content/Functions/Engine_MaterialFunctions02/Math/AddComponents.uexp" 740
"../../../Engine/Plugins/Interchange/Runtime/Content/gltf/MaterialFunctions/MF_PerceivedBrightness.uasset" 741
"../../../Engine/Plugins/Interchange/Runtime/Content/gltf/MaterialFunctions/MF_PerceivedBrightness.uexp" 742
"../../../Engine/Plugins/Interchange/Runtime/Content/gltf/MaterialFunctions/MF_Emissive.uasset" 743
"../../../Engine/Plugins/Interchange/Runtime/Content/gltf/MaterialFunctions/MF_Emissive.uexp" 744
"../../../Engine/Plugins/Interchange/Runtime/Content/gltf/MaterialFunctions/MF_SpecGlossToMetalRoughness.uasset" 745
"../../../Engine/Plugins/Interchange/Runtime/Content/gltf/MaterialFunctions/MF_SpecGlossToMetalRoughness.uexp" 746
"../../../Engine/Plugins/Interchange/Runtime/Content/gltf/MaterialBodies/MF_SpecularGlossiness_Body.uasset" 747
"../../../Engine/Plugins/Interchange/Runtime/Content/gltf/MaterialBodies/MF_SpecularGlossiness_Body.uexp" 748
"../../../Engine/Plugins/Interchange/Runtime/Content/gltf/M_SpecularGlossiness.uasset" 749
"../../../Engine/Plugins/Interchange/Runtime/Content/gltf/M_SpecularGlossiness.uexp" 750
"../../../Engine/Plugins/Interchange/Runtime/Content/gltf/MaterialInstances/MI_SpecularGlossiness_Opaque_DS.uasset" 751
"../../../Engine/Plugins/Interchange/Runtime/Content/gltf/MaterialInstances/MI_SpecularGlossiness_Opaque_DS.uexp" 752
"../../../Engine/Plugins/Interchange/Runtime/Content/gltf/MaterialInstances/MI_SpecularGlossiness_Opaque.uasset" 753
"../../../Engine/Plugins/Interchange/Runtime/Content/gltf/MaterialInstances/MI_SpecularGlossiness_Opaque.uexp" 754
"../../../Engine/Plugins/Interchange/Runtime/Content/gltf/MaterialInstances/MI_SpecularGlossiness_Mask_DS.uasset" 755
"../../../Engine/Plugins/Interchange/Runtime/Content/gltf/MaterialInstances/MI_SpecularGlossiness_Mask_DS.uexp" 756
"../../../Engine/Plugins/Interchange/Runtime/Content/gltf/MaterialInstances/MI_SpecularGlossiness_Mask.uasset" 757
"../../../Engine/Plugins/Interchange/Runtime/Content/gltf/MaterialInstances/MI_SpecularGlossiness_Mask.uexp" 758
"../../../Engine/Plugins/Interchange/Runtime/Content/gltf/MaterialInstances/MI_SpecularGlossiness_Blend_DS.uasset" 759
"../../../Engine/Plugins/Interchange/Runtime/Content/gltf/MaterialInstances/MI_SpecularGlossiness_Blend_DS.uexp" 760
"../../../Engine/Plugins/Interchange/Runtime/Content/gltf/MaterialInstances/MI_SpecularGlossiness_Blend.uasset" 761
"../../../Engine/Plugins/Interchange/Runtime/Content/gltf/MaterialInstances/MI_SpecularGlossiness_Blend.uexp" 762
"../../../Engine/Plugins/Interchange/Runtime/Content/gltf/MaterialFunctions/MF_Sheen.uasset" 763
"../../../Engine/Plugins/Interchange/Runtime/Content/gltf/MaterialFunctions/MF_Sheen.uexp" 764
"../../../Engine/Plugins/Interchange/Runtime/Content/gltf/MaterialBodies/MF_Sheen_Body.uasset" 765
"../../../Engine/Plugins/Interchange/Runtime/Content/gltf/MaterialBodies/MF_Sheen_Body.uexp" 766
"../../../Engine/Plugins/Interchange/Runtime/Content/gltf/M_Sheen.uasset" 767
"../../../Engine/Plugins/Interchange/Runtime/Content/gltf/M_Sheen.uexp" 768
"../../../Engine/Plugins/Interchange/Runtime/Content/gltf/MaterialInstances/MI_Sheen_Opaque_DS.uasset" 769
"../../../Engine/Plugins/Interchange/Runtime/Content/gltf/MaterialInstances/MI_Sheen_Opaque_DS.uexp" 770
"../../../Engine/Plugins/Interchange/Runtime/Content/gltf/MaterialInstances/MI_Sheen_Opaque.uasset" 771
"../../../Engine/Plugins/Interchange/Runtime/Content/gltf/MaterialInstances/MI_Sheen_Opaque.uexp" 772
"../../../Engine/Plugins/Interchange/Runtime/Content/gltf/MaterialInstances/MI_Sheen_Mask_DS.uasset" 773
"../../../Engine/Plugins/Interchange/Runtime/Content/gltf/MaterialInstances/MI_Sheen_Mask_DS.uexp" 774
"../../../Engine/Plugins/Interchange/Runtime/Content/gltf/MaterialInstances/MI_Sheen_Mask.uasset" 775
"../../../Engine/Plugins/Interchange/Runtime/Content/gltf/MaterialInstances/MI_Sheen_Mask.uexp" 776
"../../../Engine/Plugins/Interchange/Runtime/Content/gltf/MaterialInstances/MI_Sheen_Blend_DS.uasset" 777
"../../../Engine/Plugins/Interchange/Runtime/Content/gltf/MaterialInstances/MI_Sheen_Blend_DS.uexp" 778
"../../../Engine/Plugins/Interchange/Runtime/Content/gltf/MaterialInstances/MI_Sheen_Blend.uasset" 779
"../../../Engine/Plugins/Interchange/Runtime/Content/gltf/MaterialInstances/MI_Sheen_Blend.uexp" 780
"../../../Engine/Plugins/Interchange/Runtime/Content/gltf/MaterialBodies/MF_Default_Body.uasset" 781
"../../../Engine/Plugins/Interchange/Runtime/Content/gltf/MaterialBodies/MF_Default_Body.uexp" 782
"../../../Engine/Plugins/Interchange/Runtime/Content/gltf/M_Default.uasset" 783
"../../../Engine/Plugins/Interchange/Runtime/Content/gltf/M_Default.uexp" 784
"../../../Engine/Plugins/Interchange/Runtime/Content/gltf/MaterialInstances/MI_Default_Opaque_DS.uasset" 785
"../../../Engine/Plugins/Interchange/Runtime/Content/gltf/MaterialInstances/MI_Default_Opaque_DS.uexp" 786
"../../../Engine/Plugins/Interchange/Runtime/Content/gltf/MaterialInstances/MI_Default_Opaque.uasset" 787
"../../../Engine/Plugins/Interchange/Runtime/Content/gltf/MaterialInstances/MI_Default_Opaque.uexp" 788
"../../../Engine/Plugins/Interchange/Runtime/Content/gltf/MaterialInstances/MI_Default_Mask_DS.uasset" 789
"../../../Engine/Plugins/Interchange/Runtime/Content/gltf/MaterialInstances/MI_Default_Mask_DS.uexp" 790
"../../../Engine/Plugins/Interchange/Runtime/Content/gltf/MaterialInstances/MI_Default_Mask.uasset" 791
"../../../Engine/Plugins/Interchange/Runtime/Content/gltf/MaterialInstances/MI_Default_Mask.uexp" 792
"../../../Engine/Plugins/Interchange/Runtime/Content/gltf/MaterialInstances/MI_Default_Blend_DS.uasset" 793
"../../../Engine/Plugins/Interchange/Runtime/Content/gltf/MaterialInstances/MI_Default_Blend_DS.uexp" 794
"../../../Engine/Plugins/Interchange/Runtime/Content/gltf/MaterialInstances/MI_Default_Blend.uasset" 795
"../../../Engine/Plugins/Interchange/Runtime/Content/gltf/MaterialInstances/MI_Default_Blend.uexp" 796
"../../../Engine/Content/Functions/Engine_MaterialFunctions01/Texturing/FlattenNormal.uasset" 797
"../../../Engine/Content/Functions/Engine_MaterialFunctions01/Texturing/FlattenNormal.uexp" 798
"../../../Engine/Plugins/Interchange/Runtime/Content/gltf/MaterialFunctions/MF_Clearcoat.uasset" 799
"../../../Engine/Plugins/Interchange/Runtime/Content/gltf/MaterialFunctions/MF_Clearcoat.uexp" 800
"../../../Engine/Plugins/Interchange/Runtime/Content/gltf/MaterialBodies/MF_ClearCoat_Body.uasset" 801
"../../../Engine/Plugins/Interchange/Runtime/Content/gltf/MaterialBodies/MF_ClearCoat_Body.uexp" 802
"../../../Engine/Plugins/Interchange/Runtime/Content/gltf/M_ClearCoat.uasset" 803
"../../../Engine/Plugins/Interchange/Runtime/Content/gltf/M_ClearCoat.uexp" 804
"../../../Engine/Plugins/Interchange/Runtime/Content/gltf/MaterialInstances/MI_ClearCoat_Opaque_DS.uasset" 805
"../../../Engine/Plugins/Interchange/Runtime/Content/gltf/MaterialInstances/MI_ClearCoat_Opaque_DS.uexp" 806
"../../../Engine/Plugins/Interchange/Runtime/Content/gltf/MaterialInstances/MI_ClearCoat_Opaque.uasset" 807
"../../../Engine/Plugins/Interchange/Runtime/Content/gltf/MaterialInstances/MI_ClearCoat_Opaque.uexp" 808
"../../../Engine/Plugins/Interchange/Runtime/Content/gltf/MaterialInstances/MI_ClearCoat_Mask_DS.uasset" 809
"../../../Engine/Plugins/Interchange/Runtime/Content/gltf/MaterialInstances/MI_ClearCoat_Mask_DS.uexp" 810
"../../../Engine/Plugins/Interchange/Runtime/Content/gltf/MaterialInstances/MI_ClearCoat_Mask.uasset" 811
"../../../Engine/Plugins/Interchange/Runtime/Content/gltf/MaterialInstances/MI_ClearCoat_Mask.uexp" 812
"../../../Engine/Plugins/Interchange/Runtime/Content/gltf/MaterialInstances/MI_ClearCoat_Blend_DS.uasset" 813
"../../../Engine/Plugins/Interchange/Runtime/Content/gltf/MaterialInstances/MI_ClearCoat_Blend_DS.uexp" 814
"../../../Engine/Plugins/Interchange/Runtime/Content/gltf/MaterialInstances/MI_ClearCoat_Blend.uasset" 815
"../../../Engine/Plugins/Interchange/Runtime/Content/gltf/MaterialInstances/MI_ClearCoat_Blend.uexp" 816
"../../../Engine/Content/MobileResources/HUD/VirtualJoystick_Background.uasset" 817
"../../../Engine/Content/MobileResources/HUD/VirtualJoystick_Background.uexp" 818
"../../../Engine/Content/MobileResources/HUD/VirtualJoystick_Thumb.uasset" 819
"../../../Engine/Content/MobileResources/HUD/VirtualJoystick_Thumb.uexp" 820
"../../../Engine/Content/MobileResources/HUD/DefaultVirtualJoysticks.uasset" 821
"../../../Engine/Content/MobileResources/HUD/DefaultVirtualJoysticks.uexp" 822
"../../../Engine/Content/EngineSky/VolumetricClouds/CloudWeatherTexture.uasset" 823
"../../../Engine/Content/EngineSky/VolumetricClouds/CloudWeatherTexture.uexp" 824
"../../../Engine/Content/Functions/Engine_MaterialFunctions02/Utility/MakeFloat2.uasset" 825
"../../../Engine/Content/Functions/Engine_MaterialFunctions02/Utility/MakeFloat2.uexp" 826
"../../../Engine/Content/EngineSky/VolumetricClouds/CloudGradientTexture.uasset" 827
"../../../Engine/Content/EngineSky/VolumetricClouds/CloudGradientTexture.uexp" 828
"../../../Engine/Content/EngineSky/VolumetricClouds/T_NoiseShape64.ubulk" 829
"../../../Engine/Content/EngineSky/VolumetricClouds/T_NoiseShape64.uasset" 830
"../../../Engine/Content/EngineSky/VolumetricClouds/T_NoiseShape64.uexp" 831
"../../../Engine/Content/EngineSky/VolumetricClouds/T_VolumeNoiseShape64.uasset" 832
"../../../Engine/Content/EngineSky/VolumetricClouds/T_VolumeNoiseShape64.uexp" 833
"../../../Engine/Content/EngineSky/VolumetricClouds/T_NoiseErosion.ubulk" 834
"../../../Engine/Content/EngineSky/VolumetricClouds/T_NoiseErosion.uasset" 835
"../../../Engine/Content/EngineSky/VolumetricClouds/T_NoiseErosion.uexp" 836
"../../../Engine/Content/EngineSky/VolumetricClouds/T_VolumeNoiseErosion32.uasset" 837
"../../../Engine/Content/EngineSky/VolumetricClouds/T_VolumeNoiseErosion32.uexp" 838
"../../../Engine/Content/EngineSky/VolumetricClouds/m_SimpleVolumetricCloud.uasset" 839
"../../../Engine/Content/EngineSky/VolumetricClouds/m_SimpleVolumetricCloud.uexp" 840
"../../../Engine/Content/EngineSky/VolumetricClouds/m_SimpleVolumetricCloud_Inst.uasset" 841
"../../../Engine/Content/EngineSky/VolumetricClouds/m_SimpleVolumetricCloud_Inst.uexp" 842
"../../../Engine/Content/EngineResources/FilmGrains/Marcie_Grain_v3_128_M2_000.uasset" 843
"../../../Engine/Content/EngineResources/FilmGrains/Marcie_Grain_v3_128_M2_000.uexp" 844
"../../../Engine/Content/EditorResources/SequenceRecorder/RecordingIndicator.uasset" 845
"../../../Engine/Content/EditorResources/SequenceRecorder/RecordingIndicator.uexp" 846
"../../../Engine/Content/EditorResources/SequenceRecorder/Countdown.uasset" 847
"../../../Engine/Content/EditorResources/SequenceRecorder/Countdown.uexp" 848
"../../../Engine/Content/EditorMaterials/Dataflow/DataflowVertexMaterial.uasset" 849
"../../../Engine/Content/EditorMaterials/Dataflow/DataflowVertexMaterial.uexp" 850
"C:/Users/Dylan/Documents/Unreal Projects/MigratedTetris/SUPER DUPER TETRIS/Content/Levels/_GENERATED/Dylan/Box_E2803AE4.ubulk" 851
"C:/Users/Dylan/Documents/Unreal Projects/MigratedTetris/SUPER DUPER TETRIS/Content/Levels/_GENERATED/Dylan/Box_E2803AE4.uasset" 852
"C:/Users/Dylan/Documents/Unreal Projects/MigratedTetris/SUPER DUPER TETRIS/Content/Levels/_GENERATED/Dylan/Box_E2803AE4.uexp" 853
"C:/Users/Dylan/Documents/Unreal Projects/MigratedTetris/SUPER DUPER TETRIS/Content/Levels/_GENERATED/Dylan/Box_CDCEFFF6.ubulk" 854
"C:/Users/Dylan/Documents/Unreal Projects/MigratedTetris/SUPER DUPER TETRIS/Content/Levels/_GENERATED/Dylan/Box_CDCEFFF6.uasset" 855
"C:/Users/Dylan/Documents/Unreal Projects/MigratedTetris/SUPER DUPER TETRIS/Content/Levels/_GENERATED/Dylan/Box_CDCEFFF6.uexp" 856
"C:/Users/Dylan/Documents/Unreal Projects/MigratedTetris/SUPER DUPER TETRIS/Content/Levels/_GENERATED/Dylan/Box_768D2A6F.ubulk" 857
"C:/Users/Dylan/Documents/Unreal Projects/MigratedTetris/SUPER DUPER TETRIS/Content/Levels/_GENERATED/Dylan/Box_768D2A6F.uasset" 858
"C:/Users/Dylan/Documents/Unreal Projects/MigratedTetris/SUPER DUPER TETRIS/Content/Levels/_GENERATED/Dylan/Box_768D2A6F.uexp" 859
"C:/Users/Dylan/Documents/Unreal Projects/MigratedTetris/SUPER DUPER TETRIS/Content/Core/Blueprints/UserInterface/BP_MainMenuholder.uasset" 860
"C:/Users/Dylan/Documents/Unreal Projects/MigratedTetris/SUPER DUPER TETRIS/Content/Core/Blueprints/UserInterface/BP_MainMenuholder.uexp" 861
"C:/Users/Dylan/Documents/Unreal Projects/MigratedTetris/SUPER DUPER TETRIS/Content/Core/Blueprints/TetrisPeices/E_FakePeices.uasset" 862
"C:/Users/Dylan/Documents/Unreal Projects/MigratedTetris/SUPER DUPER TETRIS/Content/Core/Blueprints/TetrisPeices/E_FakePeices.uexp" 863
"C:/Users/Dylan/Documents/Unreal Projects/MigratedTetris/SUPER DUPER TETRIS/Content/Animated_Nebulas_Starter_Pack/Planet_System/Textures/T_HDRIs/TC_White.uasset" 864
"C:/Users/Dylan/Documents/Unreal Projects/MigratedTetris/SUPER DUPER TETRIS/Content/Animated_Nebulas_Starter_Pack/Planet_System/Textures/T_HDRIs/TC_White.uexp" 865
"C:/Users/Dylan/Documents/Unreal Projects/MigratedTetris/SUPER DUPER TETRIS/Content/Animated_Nebulas_Starter_Pack/Planet_System/Textures/T_HDRIs/TC_Black.uasset" 866
"C:/Users/Dylan/Documents/Unreal Projects/MigratedTetris/SUPER DUPER TETRIS/Content/Animated_Nebulas_Starter_Pack/Planet_System/Textures/T_HDRIs/TC_Black.uexp" 867
"C:/Users/Dylan/Documents/Unreal Projects/MigratedTetris/SUPER DUPER TETRIS/Content/Animated_Nebulas_Starter_Pack/Planet_System/Materials/Star_Dome/M_Star_Nebula.uasset" 868
"C:/Users/Dylan/Documents/Unreal Projects/MigratedTetris/SUPER DUPER TETRIS/Content/Animated_Nebulas_Starter_Pack/Planet_System/Materials/Star_Dome/M_Star_Nebula.uexp" 869
"C:/Users/Dylan/Documents/Unreal Projects/MigratedTetris/SUPER DUPER TETRIS/Content/Animated_Nebulas_Starter_Pack/Planet_System/Blueprints/BP_Star_Dome.uasset" 870
"C:/Users/Dylan/Documents/Unreal Projects/MigratedTetris/SUPER DUPER TETRIS/Content/Animated_Nebulas_Starter_Pack/Planet_System/Blueprints/BP_Star_Dome.uexp" 871
"../../../Engine/Content/Functions/Engine_MaterialFunctions01/Shading/PowerToRoughness.uasset" 872
"../../../Engine/Content/Functions/Engine_MaterialFunctions01/Shading/PowerToRoughness.uexp" 873
"../../../Engine/Content/Functions/Engine_MaterialFunctions01/Shading/ConvertFromDiffSpec.uasset" 874
"../../../Engine/Content/Functions/Engine_MaterialFunctions01/Shading/ConvertFromDiffSpec.uexp" 875
"../../../Engine/Content/EngineMaterials/Substrate/Volume/SubstrateSimpleVolumeLUT3D.uasset" 876
"../../../Engine/Content/EngineMaterials/Substrate/Volume/SubstrateSimpleVolumeLUT3D.uexp" 877
"../../../Engine/Content/EngineMaterials/Substrate/Volume/SubstrateSimpleVolumeEnvLUT3D.uasset" 878
"../../../Engine/Content/EngineMaterials/Substrate/Volume/SubstrateSimpleVolumeEnvLUT3D.uexp" 879
"../../../Engine/Content/EngineMaterials/Substrate/GLints2/AGlintTex2dArray2.uasset" 880
"../../../Engine/Content/EngineMaterials/Substrate/GLints2/AGlintTex2dArray2.uexp" 881
"../../../Engine/Content/EngineMaterials/Substrate/GLints/AGlintTex2dArray.uasset" 882
"../../../Engine/Content/EngineMaterials/Substrate/GLints/AGlintTex2dArray.uexp" 883
"C:/Users/Dylan/Documents/Unreal Projects/MigratedTetris/SUPER DUPER TETRIS/Content/Animated_Nebulas_Starter_Pack/Planet_System/Static_Mesh/SM_Dome.ubulk" 884
"C:/Users/Dylan/Documents/Unreal Projects/MigratedTetris/SUPER DUPER TETRIS/Content/Animated_Nebulas_Starter_Pack/Planet_System/Static_Mesh/SM_Dome.uasset" 885
"C:/Users/Dylan/Documents/Unreal Projects/MigratedTetris/SUPER DUPER TETRIS/Content/Animated_Nebulas_Starter_Pack/Planet_System/Static_Mesh/SM_Dome.uexp" 886
"C:/Users/Dylan/Documents/Unreal Projects/MigratedTetris/SUPER DUPER TETRIS/Content/Core/Materials/M_LowRezShader.uasset" 887
"C:/Users/Dylan/Documents/Unreal Projects/MigratedTetris/SUPER DUPER TETRIS/Content/Core/Materials/M_LowRezShader.uexp" 888
"C:/Users/Dylan/Documents/Unreal Projects/MigratedTetris/SUPER DUPER TETRIS/Content/Core/Materials/MI_LowRezShader.uasset" 889
"C:/Users/Dylan/Documents/Unreal Projects/MigratedTetris/SUPER DUPER TETRIS/Content/Core/Materials/MI_LowRezShader.uexp" 890
"C:/Users/Dylan/Documents/Unreal Projects/MigratedTetris/SUPER DUPER TETRIS/Content/Audio/SFX/Button/Warm_Digital_Accept_Button_HP.ubulk" 891
"C:/Users/Dylan/Documents/Unreal Projects/MigratedTetris/SUPER DUPER TETRIS/Content/Audio/SFX/Button/Warm_Digital_Accept_Button_HP.uasset" 892
"C:/Users/Dylan/Documents/Unreal Projects/MigratedTetris/SUPER DUPER TETRIS/Content/Audio/SFX/Button/Warm_Digital_Accept_Button_HP.uexp" 893
"C:/Users/Dylan/Documents/Unreal Projects/MigratedTetris/SUPER DUPER TETRIS/Content/Core/Blueprints/UserInterface/Fonts/PixelPurl.uexp" 894
"C:/Users/Dylan/Documents/Unreal Projects/MigratedTetris/SUPER DUPER TETRIS/Content/Core/Blueprints/UserInterface/Fonts/PixelPurl.uasset" 895
"C:/Users/Dylan/Documents/Unreal Projects/MigratedTetris/SUPER DUPER TETRIS/Content/Core/Blueprints/UserInterface/Fonts/PixelPurl.ufont" 896
"C:/Users/Dylan/Documents/Unreal Projects/MigratedTetris/SUPER DUPER TETRIS/Content/Core/Blueprints/UserInterface/Fonts/PixelPurl_Font.uasset" 897
"C:/Users/Dylan/Documents/Unreal Projects/MigratedTetris/SUPER DUPER TETRIS/Content/Core/Blueprints/UserInterface/Fonts/PixelPurl_Font.uexp" 898
"C:/Users/Dylan/Documents/Unreal Projects/MigratedTetris/SUPER DUPER TETRIS/Content/Core/Blueprints/UserInterface/Menus/WBP_ControlsMenu.uasset" 899
"C:/Users/Dylan/Documents/Unreal Projects/MigratedTetris/SUPER DUPER TETRIS/Content/Core/Blueprints/UserInterface/Menus/WBP_ControlsMenu.uexp" 900
"C:/Users/Dylan/Documents/Unreal Projects/MigratedTetris/SUPER DUPER TETRIS/Content/Core/Blueprints/UserInterface/Menus/WBP_MainMenu.uasset" 901
"C:/Users/Dylan/Documents/Unreal Projects/MigratedTetris/SUPER DUPER TETRIS/Content/Core/Blueprints/UserInterface/Menus/WBP_MainMenu.uexp" 902
"C:/Users/Dylan/Documents/Unreal Projects/MigratedTetris/SUPER DUPER TETRIS/Content/Core/Blueprints/UserInterface/BP_MainMenuPawn.uasset" 903
"C:/Users/Dylan/Documents/Unreal Projects/MigratedTetris/SUPER DUPER TETRIS/Content/Core/Blueprints/UserInterface/BP_MainMenuPawn.uexp" 904
"C:/Users/Dylan/Documents/Unreal Projects/MigratedTetris/SUPER DUPER TETRIS/Content/_GENERATED/Dylan/Box_C23C4A53.ubulk" 905
"C:/Users/Dylan/Documents/Unreal Projects/MigratedTetris/SUPER DUPER TETRIS/Content/_GENERATED/Dylan/Box_C23C4A53.uasset" 906
"C:/Users/Dylan/Documents/Unreal Projects/MigratedTetris/SUPER DUPER TETRIS/Content/_GENERATED/Dylan/Box_C23C4A53.uexp" 907
"C:/Users/Dylan/Documents/Unreal Projects/MigratedTetris/SUPER DUPER TETRIS/Content/Core/Materials/Ouline/M_TetrisCubeOutline.uasset" 908
"C:/Users/Dylan/Documents/Unreal Projects/MigratedTetris/SUPER DUPER TETRIS/Content/Core/Materials/Ouline/M_TetrisCubeOutline.uexp" 909
"C:/Users/Dylan/Documents/Unreal Projects/MigratedTetris/SUPER DUPER TETRIS/Content/Core/Materials/Ouline/MI_TetrisCubeOuline.uasset" 910
"C:/Users/Dylan/Documents/Unreal Projects/MigratedTetris/SUPER DUPER TETRIS/Content/Core/Materials/Ouline/MI_TetrisCubeOuline.uexp" 911
"C:/Users/Dylan/Documents/Unreal Projects/MigratedTetris/SUPER DUPER TETRIS/Content/Core/Materials/Color/M_TetrisCubeColor.uasset" 912
"C:/Users/Dylan/Documents/Unreal Projects/MigratedTetris/SUPER DUPER TETRIS/Content/Core/Materials/Color/M_TetrisCubeColor.uexp" 913
"C:/Users/Dylan/Documents/Unreal Projects/MigratedTetris/SUPER DUPER TETRIS/Content/Core/Materials/Color/MI_TetrisCubeColorLine.uasset" 914
"C:/Users/Dylan/Documents/Unreal Projects/MigratedTetris/SUPER DUPER TETRIS/Content/Core/Materials/Color/MI_TetrisCubeColorLine.uexp" 915
"C:/Users/Dylan/Documents/Unreal Projects/MigratedTetris/SUPER DUPER TETRIS/Content/Core/Materials/Color/MI_CenterPeice.uasset" 916
"C:/Users/Dylan/Documents/Unreal Projects/MigratedTetris/SUPER DUPER TETRIS/Content/Core/Materials/Color/MI_CenterPeice.uexp" 917
"C:/Users/Dylan/Documents/Unreal Projects/MigratedTetris/SUPER DUPER TETRIS/Content/Core/Materials/Color/MI_EdgePeice.uasset" 918
"C:/Users/Dylan/Documents/Unreal Projects/MigratedTetris/SUPER DUPER TETRIS/Content/Core/Materials/Color/MI_EdgePeice.uexp" 919
"C:/Users/Dylan/Documents/Unreal Projects/MigratedTetris/SUPER DUPER TETRIS/Content/Core/Blueprints/BP_Playfeild.uasset" 920
"C:/Users/Dylan/Documents/Unreal Projects/MigratedTetris/SUPER DUPER TETRIS/Content/Core/Blueprints/BP_Playfeild.uexp" 921
"C:/Users/Dylan/Documents/Unreal Projects/MigratedTetris/SUPER DUPER TETRIS/Content/Levels/NewMap_HLOD0_Instancing.uasset" 922
"C:/Users/Dylan/Documents/Unreal Projects/MigratedTetris/SUPER DUPER TETRIS/Content/Levels/NewMap_HLOD0_Instancing.uexp" 923
"C:/Users/Dylan/Documents/Unreal Projects/MigratedTetris/SUPER DUPER TETRIS/Content/Core/Blueprints/TetrisPeices/BlockImages/blured-gray-decorative-plaster-or-concrete-background-with-vignette-photo.uasset" 924
"C:/Users/Dylan/Documents/Unreal Projects/MigratedTetris/SUPER DUPER TETRIS/Content/Core/Blueprints/TetrisPeices/BlockImages/blured-gray-decorative-plaster-or-concrete-background-with-vignette-photo.uexp" 925
"C:/Users/Dylan/Documents/Unreal Projects/MigratedTetris/SUPER DUPER TETRIS/Content/Audio/SFX/Button/Unused/Warm_Digital_Accept_Button.ubulk" 926
"C:/Users/Dylan/Documents/Unreal Projects/MigratedTetris/SUPER DUPER TETRIS/Content/Audio/SFX/Button/Unused/Warm_Digital_Accept_Button.uasset" 927
"C:/Users/Dylan/Documents/Unreal Projects/MigratedTetris/SUPER DUPER TETRIS/Content/Audio/SFX/Button/Unused/Warm_Digital_Accept_Button.uexp" 928
"C:/Users/Dylan/Documents/Unreal Projects/MigratedTetris/SUPER DUPER TETRIS/Content/Audio/SFX/Button/Unused/Warm_Button_Sound_Long.ubulk" 929
"C:/Users/Dylan/Documents/Unreal Projects/MigratedTetris/SUPER DUPER TETRIS/Content/Audio/SFX/Button/Unused/Warm_Button_Sound_Long.uasset" 930
"C:/Users/Dylan/Documents/Unreal Projects/MigratedTetris/SUPER DUPER TETRIS/Content/Audio/SFX/Button/Unused/Warm_Button_Sound_Long.uexp" 931
"C:/Users/Dylan/Documents/Unreal Projects/MigratedTetris/SUPER DUPER TETRIS/Content/Audio/SFX/Button/Unused/Laser_Sound_3_VOL_Up.ubulk" 932
"C:/Users/Dylan/Documents/Unreal Projects/MigratedTetris/SUPER DUPER TETRIS/Content/Audio/SFX/Button/Unused/Laser_Sound_3_VOL_Up.uasset" 933
"C:/Users/Dylan/Documents/Unreal Projects/MigratedTetris/SUPER DUPER TETRIS/Content/Audio/SFX/Button/Unused/Laser_Sound_3_VOL_Up.uexp" 934
"C:/Users/Dylan/Documents/Unreal Projects/MigratedTetris/SUPER DUPER TETRIS/Content/Audio/SFX/Button/Unused/Cursor_Rollover_1.ubulk" 935
"C:/Users/Dylan/Documents/Unreal Projects/MigratedTetris/SUPER DUPER TETRIS/Content/Audio/SFX/Button/Unused/Cursor_Rollover_1.uasset" 936
"C:/Users/Dylan/Documents/Unreal Projects/MigratedTetris/SUPER DUPER TETRIS/Content/Audio/SFX/Button/Unused/Cursor_Rollover_1.uexp" 937
"C:/Users/Dylan/Documents/Unreal Projects/MigratedTetris/SUPER DUPER TETRIS/Content/Audio/SFX/Button/Unused/Button_Sound_9.ubulk" 938
"C:/Users/Dylan/Documents/Unreal Projects/MigratedTetris/SUPER DUPER TETRIS/Content/Audio/SFX/Button/Unused/Button_Sound_9.uasset" 939
"C:/Users/Dylan/Documents/Unreal Projects/MigratedTetris/SUPER DUPER TETRIS/Content/Audio/SFX/Button/Unused/Button_Sound_9.uexp" 940
"C:/Users/Dylan/Documents/Unreal Projects/MigratedTetris/SUPER DUPER TETRIS/Content/Audio/SFX/Button/Unused/Button_Sound_8.ubulk" 941
"C:/Users/Dylan/Documents/Unreal Projects/MigratedTetris/SUPER DUPER TETRIS/Content/Audio/SFX/Button/Unused/Button_Sound_8.uasset" 942
"C:/Users/Dylan/Documents/Unreal Projects/MigratedTetris/SUPER DUPER TETRIS/Content/Audio/SFX/Button/Unused/Button_Sound_8.uexp" 943
"C:/Users/Dylan/Documents/Unreal Projects/MigratedTetris/SUPER DUPER TETRIS/Content/Audio/SFX/Button/Unused/Button_Sound_44.ubulk" 944
"C:/Users/Dylan/Documents/Unreal Projects/MigratedTetris/SUPER DUPER TETRIS/Content/Audio/SFX/Button/Unused/Button_Sound_44.uasset" 945
"C:/Users/Dylan/Documents/Unreal Projects/MigratedTetris/SUPER DUPER TETRIS/Content/Audio/SFX/Button/Unused/Button_Sound_44.uexp" 946
"C:/Users/Dylan/Documents/Unreal Projects/MigratedTetris/SUPER DUPER TETRIS/Content/Audio/SFX/Button/Unused/Button_Sound_15.ubulk" 947
"C:/Users/Dylan/Documents/Unreal Projects/MigratedTetris/SUPER DUPER TETRIS/Content/Audio/SFX/Button/Unused/Button_Sound_15.uasset" 948
"C:/Users/Dylan/Documents/Unreal Projects/MigratedTetris/SUPER DUPER TETRIS/Content/Audio/SFX/Button/Unused/Button_Sound_15.uexp" 949
"C:/Users/Dylan/Documents/Unreal Projects/MigratedTetris/SUPER DUPER TETRIS/Content/Audio/SFX/Button/Unused/Button_Sound_12.ubulk" 950
"C:/Users/Dylan/Documents/Unreal Projects/MigratedTetris/SUPER DUPER TETRIS/Content/Audio/SFX/Button/Unused/Button_Sound_12.uasset" 951
"C:/Users/Dylan/Documents/Unreal Projects/MigratedTetris/SUPER DUPER TETRIS/Content/Audio/SFX/Button/Unused/Button_Sound_12.uexp" 952
"C:/Users/Dylan/Documents/Unreal Projects/MigratedTetris/SUPER DUPER TETRIS/Content/Audio/SFX/Button/Unused/Button_8.ubulk" 953
"C:/Users/Dylan/Documents/Unreal Projects/MigratedTetris/SUPER DUPER TETRIS/Content/Audio/SFX/Button/Unused/Button_8.uasset" 954
"C:/Users/Dylan/Documents/Unreal Projects/MigratedTetris/SUPER DUPER TETRIS/Content/Audio/SFX/Button/Unused/Button_8.uexp" 955
"C:/Users/Dylan/Documents/Unreal Projects/MigratedTetris/SUPER DUPER TETRIS/Content/Audio/SFX/Button/Unused/Btn.ubulk" 956
"C:/Users/Dylan/Documents/Unreal Projects/MigratedTetris/SUPER DUPER TETRIS/Content/Audio/SFX/Button/Unused/Btn.uasset" 957
"C:/Users/Dylan/Documents/Unreal Projects/MigratedTetris/SUPER DUPER TETRIS/Content/Audio/SFX/Button/Unused/Btn.uexp" 958
"C:/Users/Dylan/Documents/Unreal Projects/MigratedTetris/SUPER DUPER TETRIS/Content/Core/Blueprints/FunctionLibraries/BFL_LineTrace.uasset" 959
"C:/Users/Dylan/Documents/Unreal Projects/MigratedTetris/SUPER DUPER TETRIS/Content/Core/Blueprints/FunctionLibraries/BFL_LineTrace.uexp" 960
"C:/Users/Dylan/Documents/Unreal Projects/MigratedTetris/SUPER DUPER TETRIS/Content/Core/VFX/NS_Beam1.uasset" 961
"C:/Users/Dylan/Documents/Unreal Projects/MigratedTetris/SUPER DUPER TETRIS/Content/Core/VFX/NS_Beam1.uexp" 962
"C:/Users/Dylan/Documents/Unreal Projects/MigratedTetris/SUPER DUPER TETRIS/Content/Core/Materials/Color/MI_TetrisCubeColorTeemee.uasset" 963
"C:/Users/Dylan/Documents/Unreal Projects/MigratedTetris/SUPER DUPER TETRIS/Content/Core/Materials/Color/MI_TetrisCubeColorTeemee.uexp" 964
"C:/Users/Dylan/Documents/Unreal Projects/MigratedTetris/SUPER DUPER TETRIS/Content/Core/Materials/Color/MI_Completion_White.uasset" 965
"C:/Users/Dylan/Documents/Unreal Projects/MigratedTetris/SUPER DUPER TETRIS/Content/Core/Materials/Color/MI_Completion_White.uexp" 966
"C:/Users/Dylan/Documents/Unreal Projects/MigratedTetris/SUPER DUPER TETRIS/Content/Core/Blueprints/BP_Cubes.uasset" 967
"C:/Users/Dylan/Documents/Unreal Projects/MigratedTetris/SUPER DUPER TETRIS/Content/Core/Blueprints/BP_Cubes.uexp" 968
"C:/Users/Dylan/Documents/Unreal Projects/MigratedTetris/SUPER DUPER TETRIS/Content/Core/Blueprints/TetrisPeices/BP_SpawnLocation.uasset" 969
"C:/Users/Dylan/Documents/Unreal Projects/MigratedTetris/SUPER DUPER TETRIS/Content/Core/Blueprints/TetrisPeices/BP_SpawnLocation.uexp" 970
"C:/Users/Dylan/Documents/Unreal Projects/MigratedTetris/SUPER DUPER TETRIS/Content/Core/Materials/Color/MI_TetrisCubeColor_L.uasset" 971
"C:/Users/Dylan/Documents/Unreal Projects/MigratedTetris/SUPER DUPER TETRIS/Content/Core/Materials/Color/MI_TetrisCubeColor_L.uexp" 972
"C:/Users/Dylan/Documents/Unreal Projects/MigratedTetris/SUPER DUPER TETRIS/Content/Core/Blueprints/BP_CameraPawn.uasset" 973
"C:/Users/Dylan/Documents/Unreal Projects/MigratedTetris/SUPER DUPER TETRIS/Content/Core/Blueprints/BP_CameraPawn.uexp" 974
"C:/Users/Dylan/Documents/Unreal Projects/MigratedTetris/SUPER DUPER TETRIS/Content/Core/Blueprints/TetrisPeices/BlockImages/Screenshot_2026-06-23_183111.uasset" 975
"C:/Users/Dylan/Documents/Unreal Projects/MigratedTetris/SUPER DUPER TETRIS/Content/Core/Blueprints/TetrisPeices/BlockImages/Screenshot_2026-06-23_183111.uexp" 976
"C:/Users/Dylan/Documents/Unreal Projects/MigratedTetris/SUPER DUPER TETRIS/Content/Core/Blueprints/TetrisPeices/BlockImages/Screenshot_2026-06-23_183249.uasset" 977
"C:/Users/Dylan/Documents/Unreal Projects/MigratedTetris/SUPER DUPER TETRIS/Content/Core/Blueprints/TetrisPeices/BlockImages/Screenshot_2026-06-23_183249.uexp" 978
"C:/Users/Dylan/Documents/Unreal Projects/MigratedTetris/SUPER DUPER TETRIS/Content/Core/Blueprints/TetrisPeices/BlockImages/Screenshot_2026-06-23_183312.uasset" 979
"C:/Users/Dylan/Documents/Unreal Projects/MigratedTetris/SUPER DUPER TETRIS/Content/Core/Blueprints/TetrisPeices/BlockImages/Screenshot_2026-06-23_183312.uexp" 980
"C:/Users/Dylan/Documents/Unreal Projects/MigratedTetris/SUPER DUPER TETRIS/Content/Core/Blueprints/TetrisPeices/BlockImages/Screenshot_2026-06-23_183320.uasset" 981
"C:/Users/Dylan/Documents/Unreal Projects/MigratedTetris/SUPER DUPER TETRIS/Content/Core/Blueprints/TetrisPeices/BlockImages/Screenshot_2026-06-23_183320.uexp" 982
"C:/Users/Dylan/Documents/Unreal Projects/MigratedTetris/SUPER DUPER TETRIS/Content/Core/Blueprints/TetrisPeices/BlockImages/Screenshot_2026-06-23_183331.uasset" 983
"C:/Users/Dylan/Documents/Unreal Projects/MigratedTetris/SUPER DUPER TETRIS/Content/Core/Blueprints/TetrisPeices/BlockImages/Screenshot_2026-06-23_183331.uexp" 984
"C:/Users/Dylan/Documents/Unreal Projects/MigratedTetris/SUPER DUPER TETRIS/Content/Core/Blueprints/TetrisPeices/BPC_LinePeice.uasset" 985
"C:/Users/Dylan/Documents/Unreal Projects/MigratedTetris/SUPER DUPER TETRIS/Content/Core/Blueprints/TetrisPeices/BPC_LinePeice.uexp" 986
"C:/Users/Dylan/Documents/Unreal Projects/MigratedTetris/SUPER DUPER TETRIS/Content/Core/Blueprints/TetrisPeices/BlockModels/SM_Hero.ubulk" 987
"C:/Users/Dylan/Documents/Unreal Projects/MigratedTetris/SUPER DUPER TETRIS/Content/Core/Blueprints/TetrisPeices/BlockModels/SM_Hero.uasset" 988
"C:/Users/Dylan/Documents/Unreal Projects/MigratedTetris/SUPER DUPER TETRIS/Content/Core/Blueprints/TetrisPeices/BlockModels/SM_Hero.uexp" 989
"C:/Users/Dylan/Documents/Unreal Projects/MigratedTetris/SUPER DUPER TETRIS/Content/Core/Blueprints/TetrisPeices/BlockModels/SM_CleavelandZ.ubulk" 990
"C:/Users/Dylan/Documents/Unreal Projects/MigratedTetris/SUPER DUPER TETRIS/Content/Core/Blueprints/TetrisPeices/BlockModels/SM_CleavelandZ.uasset" 991
"C:/Users/Dylan/Documents/Unreal Projects/MigratedTetris/SUPER DUPER TETRIS/Content/Core/Blueprints/TetrisPeices/BlockModels/SM_CleavelandZ.uexp" 992
"C:/Users/Dylan/Documents/Unreal Projects/MigratedTetris/SUPER DUPER TETRIS/Content/Core/Blueprints/TetrisPeices/BlockModels/SM_SmashBoy.ubulk" 993
"C:/Users/Dylan/Documents/Unreal Projects/MigratedTetris/SUPER DUPER TETRIS/Content/Core/Blueprints/TetrisPeices/BlockModels/SM_SmashBoy.uasset" 994
"C:/Users/Dylan/Documents/Unreal Projects/MigratedTetris/SUPER DUPER TETRIS/Content/Core/Blueprints/TetrisPeices/BlockModels/SM_SmashBoy.uexp" 995
"C:/Users/Dylan/Documents/Unreal Projects/MigratedTetris/SUPER DUPER TETRIS/Content/Core/Materials/Color/MI_TetrisCubeColorClevlandZ.uasset" 996
"C:/Users/Dylan/Documents/Unreal Projects/MigratedTetris/SUPER DUPER TETRIS/Content/Core/Materials/Color/MI_TetrisCubeColorClevlandZ.uexp" 997
"C:/Users/Dylan/Documents/Unreal Projects/MigratedTetris/SUPER DUPER TETRIS/Content/Core/Materials/Color/MI_TetrisCubeColorSquare.uasset" 998
"C:/Users/Dylan/Documents/Unreal Projects/MigratedTetris/SUPER DUPER TETRIS/Content/Core/Materials/Color/MI_TetrisCubeColorSquare.uexp" 999
"C:/Users/Dylan/Documents/Unreal Projects/MigratedTetris/SUPER DUPER TETRIS/Content/Core/Blueprints/TetrisPeices/BPC_LShape.uasset" 1000
"C:/Users/Dylan/Documents/Unreal Projects/MigratedTetris/SUPER DUPER TETRIS/Content/Core/Blueprints/TetrisPeices/BPC_LShape.uexp" 1001
"C:/Users/Dylan/Documents/Unreal Projects/MigratedTetris/SUPER DUPER TETRIS/Content/Core/Blueprints/UserInterface/NextBlockPreview/TextureRenderTargetBlock.uasset" 1002
"C:/Users/Dylan/Documents/Unreal Projects/MigratedTetris/SUPER DUPER TETRIS/Content/Core/Blueprints/UserInterface/NextBlockPreview/TextureRenderTargetBlock.uexp" 1003
"C:/Users/Dylan/Documents/Unreal Projects/MigratedTetris/SUPER DUPER TETRIS/Content/Core/Blueprints/UserInterface/NextBlockPreview/M_RenderTargetBlock.uasset" 1004
"C:/Users/Dylan/Documents/Unreal Projects/MigratedTetris/SUPER DUPER TETRIS/Content/Core/Blueprints/UserInterface/NextBlockPreview/M_RenderTargetBlock.uexp" 1005
"C:/Users/Dylan/Documents/Unreal Projects/MigratedTetris/SUPER DUPER TETRIS/Content/Core/Blueprints/UserInterface/NextBlockPreview/WBP_BlockPreview.uasset" 1006
"C:/Users/Dylan/Documents/Unreal Projects/MigratedTetris/SUPER DUPER TETRIS/Content/Core/Blueprints/UserInterface/NextBlockPreview/WBP_BlockPreview.uexp" 1007
"C:/Users/Dylan/Documents/Unreal Projects/MigratedTetris/SUPER DUPER TETRIS/Content/Core/Blueprints/TetrisPeices/BlockModels/SM_LShape.ubulk" 1008
"C:/Users/Dylan/Documents/Unreal Projects/MigratedTetris/SUPER DUPER TETRIS/Content/Core/Blueprints/TetrisPeices/BlockModels/SM_LShape.uasset" 1009
"C:/Users/Dylan/Documents/Unreal Projects/MigratedTetris/SUPER DUPER TETRIS/Content/Core/Blueprints/TetrisPeices/BlockModels/SM_LShape.uexp" 1010
"C:/Users/Dylan/Documents/Unreal Projects/MigratedTetris/SUPER DUPER TETRIS/Content/Core/Blueprints/Fiverr/Bp_GridManager.uasset" 1011
"C:/Users/Dylan/Documents/Unreal Projects/MigratedTetris/SUPER DUPER TETRIS/Content/Core/Blueprints/Fiverr/Bp_GridManager.uexp" 1012
"C:/Users/Dylan/Documents/Unreal Projects/MigratedTetris/SUPER DUPER TETRIS/Content/Audio/SFX/Button/Main_Window_Open.ubulk" 1013
"C:/Users/Dylan/Documents/Unreal Projects/MigratedTetris/SUPER DUPER TETRIS/Content/Audio/SFX/Button/Main_Window_Open.uasset" 1014
"C:/Users/Dylan/Documents/Unreal Projects/MigratedTetris/SUPER DUPER TETRIS/Content/Audio/SFX/Button/Main_Window_Open.uexp" 1015
"C:/Users/Dylan/Documents/Unreal Projects/MigratedTetris/SUPER DUPER TETRIS/Content/Audio/SFX/Button/Triplet_Accept_Button.ubulk" 1016
"C:/Users/Dylan/Documents/Unreal Projects/MigratedTetris/SUPER DUPER TETRIS/Content/Audio/SFX/Button/Triplet_Accept_Button.uasset" 1017
"C:/Users/Dylan/Documents/Unreal Projects/MigratedTetris/SUPER DUPER TETRIS/Content/Audio/SFX/Button/Triplet_Accept_Button.uexp" 1018
"C:/Users/Dylan/Documents/Unreal Projects/MigratedTetris/SUPER DUPER TETRIS/Content/Core/Blueprints/TetrisPeices/BlockImages/360_F_1776767466_hidZ91I6C4imIovG855E2Nhfs55jFfWf.uasset" 1019
"C:/Users/Dylan/Documents/Unreal Projects/MigratedTetris/SUPER DUPER TETRIS/Content/Core/Blueprints/TetrisPeices/BlockImages/360_F_1776767466_hidZ91I6C4imIovG855E2Nhfs55jFfWf.uexp" 1020
"C:/Users/Dylan/Documents/Unreal Projects/MigratedTetris/SUPER DUPER TETRIS/Content/Core/Blueprints/TetrisPeices/S_FakePeices.uasset" 1021
"C:/Users/Dylan/Documents/Unreal Projects/MigratedTetris/SUPER DUPER TETRIS/Content/Core/Blueprints/TetrisPeices/S_FakePeices.uexp" 1022
"C:/Users/Dylan/Documents/Unreal Projects/MigratedTetris/SUPER DUPER TETRIS/Content/Core/Blueprints/UserInterface/NextBlockPreview/BP_RotateBlock.uasset" 1023
"C:/Users/Dylan/Documents/Unreal Projects/MigratedTetris/SUPER DUPER TETRIS/Content/Core/Blueprints/UserInterface/NextBlockPreview/BP_RotateBlock.uexp" 1024
"C:/Users/Dylan/Documents/Unreal Projects/MigratedTetris/SUPER DUPER TETRIS/Content/Core/Blueprints/UserInterface/Menus/WBP_GameMenu.uasset" 1025
"C:/Users/Dylan/Documents/Unreal Projects/MigratedTetris/SUPER DUPER TETRIS/Content/Core/Blueprints/UserInterface/Menus/WBP_GameMenu.uexp" 1026
"C:/Users/Dylan/Documents/Unreal Projects/MigratedTetris/SUPER DUPER TETRIS/Content/Core/Blueprints/TetrisPeices/BPC_CleavlandZ.uasset" 1027
"C:/Users/Dylan/Documents/Unreal Projects/MigratedTetris/SUPER DUPER TETRIS/Content/Core/Blueprints/TetrisPeices/BPC_CleavlandZ.uexp" 1028
"C:/Users/Dylan/Documents/Unreal Projects/MigratedTetris/SUPER DUPER TETRIS/Content/Core/Blueprints/TetrisPeices/BlockModels/SM_Temee.ubulk" 1029
"C:/Users/Dylan/Documents/Unreal Projects/MigratedTetris/SUPER DUPER TETRIS/Content/Core/Blueprints/TetrisPeices/BlockModels/SM_Temee.uasset" 1030
"C:/Users/Dylan/Documents/Unreal Projects/MigratedTetris/SUPER DUPER TETRIS/Content/Core/Blueprints/TetrisPeices/BlockModels/SM_Temee.uexp" 1031
"C:/Users/Dylan/Documents/Unreal Projects/MigratedTetris/SUPER DUPER TETRIS/Content/Core/Blueprints/TetrisPeices/BPC_Square.uasset" 1032
"C:/Users/Dylan/Documents/Unreal Projects/MigratedTetris/SUPER DUPER TETRIS/Content/Core/Blueprints/TetrisPeices/BPC_Square.uexp" 1033
"C:/Users/Dylan/Documents/Unreal Projects/MigratedTetris/SUPER DUPER TETRIS/Content/Core/Blueprints/TetrisGameMode.uasset" 1034
"C:/Users/Dylan/Documents/Unreal Projects/MigratedTetris/SUPER DUPER TETRIS/Content/Core/Blueprints/TetrisGameMode.uexp" 1035
"C:/Users/Dylan/Documents/Unreal Projects/MigratedTetris/SUPER DUPER TETRIS/Content/Core/Materials/Color/MI_Collision_Red.uasset" 1036
"C:/Users/Dylan/Documents/Unreal Projects/MigratedTetris/SUPER DUPER TETRIS/Content/Core/Materials/Color/MI_Collision_Red.uexp" 1037
"C:/Users/Dylan/Documents/Unreal Projects/MigratedTetris/SUPER DUPER TETRIS/Content/Core/Blueprints/UserInterface/Menus/WBP_PauseMenu.uasset" 1038
"C:/Users/Dylan/Documents/Unreal Projects/MigratedTetris/SUPER DUPER TETRIS/Content/Core/Blueprints/UserInterface/Menus/WBP_PauseMenu.uexp" 1039
"C:/Users/Dylan/Documents/Unreal Projects/MigratedTetris/SUPER DUPER TETRIS/Content/Audio/SFX/Button/Window_Open_2.ubulk" 1040
"C:/Users/Dylan/Documents/Unreal Projects/MigratedTetris/SUPER DUPER TETRIS/Content/Audio/SFX/Button/Window_Open_2.uasset" 1041
"C:/Users/Dylan/Documents/Unreal Projects/MigratedTetris/SUPER DUPER TETRIS/Content/Audio/SFX/Button/Window_Open_2.uexp" 1042
"C:/Users/Dylan/Documents/Unreal Projects/MigratedTetris/SUPER DUPER TETRIS/Content/Core/Blueprints/UserInterface/Menus/WBP_EndGameMenu.uasset" 1043
"C:/Users/Dylan/Documents/Unreal Projects/MigratedTetris/SUPER DUPER TETRIS/Content/Core/Blueprints/UserInterface/Menus/WBP_EndGameMenu.uexp" 1044
"C:/Users/Dylan/Documents/Unreal Projects/MigratedTetris/SUPER DUPER TETRIS/Content/Core/Blueprints/TetrisPeices/BP_TetrisPeice.uasset" 1045
"C:/Users/Dylan/Documents/Unreal Projects/MigratedTetris/SUPER DUPER TETRIS/Content/Core/Blueprints/TetrisPeices/BP_TetrisPeice.uexp" 1046
"C:/Users/Dylan/Documents/Unreal Projects/MigratedTetris/SUPER DUPER TETRIS/Content/Core/Blueprints/TetrisPeices/BPC_Teemee.uasset" 1047
"C:/Users/Dylan/Documents/Unreal Projects/MigratedTetris/SUPER DUPER TETRIS/Content/Core/Blueprints/TetrisPeices/BPC_Teemee.uexp" 1048
"C:/Users/Dylan/Documents/Unreal Projects/MigratedTetris/SUPER DUPER TETRIS/Content/Core/Blueprints/UserInterface/BP_MainMenuMode.uasset" 1049
"C:/Users/Dylan/Documents/Unreal Projects/MigratedTetris/SUPER DUPER TETRIS/Content/Core/Blueprints/UserInterface/BP_MainMenuMode.uexp" 1050
"C:/Users/Dylan/Documents/Unreal Projects/MigratedTetris/SUPER DUPER TETRIS/Content/Levels/MenuLevel.uexp" 1051
"C:/Users/Dylan/Documents/Unreal Projects/MigratedTetris/SUPER DUPER TETRIS/Content/Levels/MenuLevel.umap" 1052
"C:/Users/Dylan/Documents/Unreal Projects/MigratedTetris/SUPER DUPER TETRIS/Content/Levels/MainLevelTest_BuiltData.ubulk" 1053
"C:/Users/Dylan/Documents/Unreal Projects/MigratedTetris/SUPER DUPER TETRIS/Content/Levels/MainLevelTest_BuiltData.uasset" 1054
"C:/Users/Dylan/Documents/Unreal Projects/MigratedTetris/SUPER DUPER TETRIS/Content/Levels/MainLevelTest_BuiltData.uexp" 1055
"C:/Users/Dylan/Documents/Unreal Projects/MigratedTetris/SUPER DUPER TETRIS/Content/Audio/Music/TremLoadingloopl.ubulk" 1056
"C:/Users/Dylan/Documents/Unreal Projects/MigratedTetris/SUPER DUPER TETRIS/Content/Audio/Music/TremLoadingloopl.uasset" 1057
"C:/Users/Dylan/Documents/Unreal Projects/MigratedTetris/SUPER DUPER TETRIS/Content/Audio/Music/TremLoadingloopl.uexp" 1058
"C:/Users/Dylan/Documents/Unreal Projects/MigratedTetris/SUPER DUPER TETRIS/Content/Levels/MainLevelTest.uexp" 1059
"C:/Users/Dylan/Documents/Unreal Projects/MigratedTetris/SUPER DUPER TETRIS/Content/Levels/MainLevelTest.umap" 1060
"C:/Users/Dylan/Documents/Unreal Projects/MigratedTetris/SUPER DUPER TETRIS/Content/Levels/MainLevel.uexp" 1061
"C:/Users/Dylan/Documents/Unreal Projects/MigratedTetris/SUPER DUPER TETRIS/Content/Levels/MainLevel.umap" 1062
"../../../Engine/Content/Maps/Entry_BuiltData.uasset" 1063
"../../../Engine/Content/Maps/Entry_BuiltData.uexp" 1064
"../../../Engine/Content/Maps/Entry.uexp" 1065
"../../../Engine/Content/Maps/Entry.umap" 1066
"C:/Users/Dylan/Documents/Unreal Projects/MigratedTetris/SUPER DUPER TETRIS/Content/Levels/MenuLevel/_Generated_/8VH7EFPRW313VNUXK40X0SMPI.uexp" 1067
"C:/Users/Dylan/Documents/Unreal Projects/MigratedTetris/SUPER DUPER TETRIS/Content/Levels/MenuLevel/_Generated_/8VH7EFPRW313VNUXK40X0SMPI.umap" 1068
"C:/Users/Dylan/Documents/Unreal Projects/MigratedTetris/SUPER DUPER TETRIS/Content/Levels/MenuLevel/_Generated_/DM9UMLSTJR0Q2OCD6VENB753S.uexp" 1069
"C:/Users/Dylan/Documents/Unreal Projects/MigratedTetris/SUPER DUPER TETRIS/Content/Levels/MenuLevel/_Generated_/DM9UMLSTJR0Q2OCD6VENB753S.umap" 1070
"C:/Users/Dylan/Documents/Unreal Projects/MigratedTetris/SUPER DUPER TETRIS/Content/Levels/MenuLevel/_Generated_/96ZDUX50N3MJ0492OY8HZDMIF.uexp" 1071
"C:/Users/Dylan/Documents/Unreal Projects/MigratedTetris/SUPER DUPER TETRIS/Content/Levels/MenuLevel/_Generated_/96ZDUX50N3MJ0492OY8HZDMIF.umap" 1072
"C:/Users/Dylan/Documents/Unreal Projects/MigratedTetris/SUPER DUPER TETRIS/Content/Levels/MenuLevel/_Generated_/AFP0VW9VHJ7P4OJ9C3K5MI6PP.uexp" 1073
"C:/Users/Dylan/Documents/Unreal Projects/MigratedTetris/SUPER DUPER TETRIS/Content/Levels/MenuLevel/_Generated_/AFP0VW9VHJ7P4OJ9C3K5MI6PP.umap" 1074
